prompt_id,turn,participant_id,geft_score,emb_0,emb_1,emb_2,emb_3,emb_4,emb_5,emb_6,emb_7,emb_8,emb_9,emb_10,emb_11,emb_12,emb_13,emb_14,emb_15,emb_16,emb_17,emb_18,emb_19,emb_20,emb_21,emb_22,emb_23,emb_24,emb_25,emb_26,emb_27,emb_28,emb_29,emb_30,emb_31,emb_32,emb_33,emb_34,emb_35,emb_36,emb_37,emb_38,emb_39,emb_40,emb_41,emb_42,emb_43,emb_44,emb_45,emb_46,emb_47,emb_48,emb_49,emb_50,emb_51,emb_52,emb_53,emb_54,emb_55,emb_56,emb_57,emb_58,emb_59,emb_60,emb_61,emb_62,emb_63,emb_64,emb_65,emb_66,emb_67,emb_68,emb_69,emb_70,emb_71,emb_72,emb_73,emb_74,emb_75,emb_76,emb_77,emb_78,emb_79,emb_80,emb_81,emb_82,emb_83,emb_84,emb_85
prompt_01,turn_01,P1,14,0.2903661900221946,-0.12434287049587811,-0.16465559844766803,0.2104957387025092,-0.006761560914618875,0.03730171501543762,0.1760244793165483,0.21927355787058378,-0.1457692017696018,-0.06404231184422218,-0.023601685180789315,-0.027689345858954086,0.1768762351137999,0.05242362245609978,0.1453484206312097,-0.34263734010027386,0.2492183777987646,-0.020927739181529025,0.02286266958864863,0.07498305864776578,-0.036986086237255994,0.015977489711214047,0.05583545155726528,0.06548856506287366,0.13177497630114735,-0.05972409412430909,0.1282620626018388,-0.08992199637307012,-0.0769662525282059,0.05434616506141976,-0.0023291196992011164,0.029226794090621087,0.007335707065099253,0.03351569611054425,-0.1079335159069034,-0.048125728312047096,0.11163255938407599,-0.020504987027690182,-0.06804804634825458,-0.06358151098098093,0.061380210610008305,-0.012542867188733495,-0.013096914693230276,0.008009166197844083,-0.11362789397973358,0.00768568885546107,-0.12641100067771013,0.02684563228930059,-0.03141972318941415,0.04163352907267642,0.04971582497502833,-0.03733152010918784,-0.03548682038771033,-0.002950214372482324,-0.01625535795634836,-0.056620167920901666,0.03888460210003466,-0.14960263300467577,0.06041133635224114,0.04172455152632206,0.06706793697217737,-0.06782212375027458,-0.02993030916879923,0.03141794511977077,-0.13576692229338994,-0.0034187279164169053,-0.09357216214770972,0.044991958970748945,-0.01054724030522115,0.11190274233117393,-0.12298753935572596,0.21680741158331962,-0.07216864079337408,-0.3214041620101159,-0.11977834351314162,0.21045382788278486,0.1391056721825652,-0.05936317445043293,-0.0032711878377904486,0.0008162113585185653,-0.0013906908827559083,0.00025867923320775784,0.0004258321442849069,-0.0003313334377294974,-0.0002675739122527596,-3.2907230000829537e-18
prompt_02,turn_02,P1,14,0.10463312197669236,-0.006580487542542517,-0.03526972885267514,0.14412109884760974,0.28386549767295055,0.03927472571415144,0.21475330489965375,0.10701408675595851,0.1795381145201577,0.005385541029664124,0.07063351907810783,-0.046095638058371594,-0.21150035393353273,0.1378221774742257,0.03632278211113022,-0.3871661609470974,-0.19097261226187356,-0.19380039263765134,0.14300319727268088,0.06083890747435907,0.1471023345516558,-0.06839967271672222,-0.11150666687063762,-0.11816597493314465,-0.0227133335797289,0.036729113935562184,0.011864882211210282,0.032349673394677744,0.04735812728641625,0.032564405209601334,0.11231258572648967,0.00993940243849805,-0.03272532439119189,0.09008982250521104,0.0355356169065588,0.06011062848935485,0.0021556711519281602,0.04031835536561216,0.0010368287361712917,0.025261914135940793,-0.10666468216471045,0.02637838427701079,0.10898791652075918,0.0043009223271471275,0.10700442192516738,0.0024523566261760213,-0.001885720164301286,-0.008723730541314279,0.03931512880253496,-0.08470485423445268,0.11730743641774442,-0.03621495743465729,-0.03446768315839781,-0.06608536963568314,-0.037083463764382554,0.0290063998209333,0.009173262384994439,-0.24161676279014177,-0.05019890235335233,0.16161126693016256,0.06894999632011457,0.1803969208177753,-0.011889665604107192,-0.1772368052274296,0.06061518514349886,0.05765215531414678,-0.020335618375554594,0.033835157375808875,0.14393663157490016,0.0945515439381646,0.25124763515525306,0.031946963697905326,0.15286755241951025,0.09464576160326452,-0.16320339462209316,-0.02668991226265335,-0.03714468927517369,-0.013740487131920519,-0.0074868115060771675,-0.00015969677183803443,0.0012173630764469856,8.592312654359926e-05,-0.00044152013281706484,0.00037300791385756163,0.0001381481404367692,4.9737774662772516e-17
prompt_03,turn_03,P1,14,0.09740975314612807,-0.02074946410377063,-0.07083781977874742,0.11639189091912466,0.02180903511008492,0.057703790006836335,0.134555854232659,0.11070196724761971,0.15878992552334015,0.01176936243456225,0.0317204032750455,0.029482487032447824,-0.16716592536677397,0.117160018328886,0.13388199806392784,-0.3209163069818121,-0.22434045029026334,-0.21593136518961212,0.23979247060476316,0.1342758092468601,0.0903808123322249,-0.03250900451912829,-0.17612043716725828,-0.0695589231445842,-0.15804556347558035,0.20206323412148094,-0.010868127786564973,0.1791657620523436,0.08251862310651192,0.020607358650713527,0.03831937506680524,-0.14444508914961207,-0.01582397946560828,-0.045465876520369805,-0.11183656297890462,0.14897100650752756,-0.18844690076007703,0.08835738290654585,-0.0735409264460633,-0.12086413438913932,0.07075318960260987,-0.08350928739034556,-0.114005217647339,0.1004258828299205,-0.14121621564397455,-0.02393958990643116,-0.09219840339683337,0.010424904354782041,-0.020655480894852373,0.03497541831902563,-0.09024931168383124,0.12752127590700832,0.05309531682614472,0.0674447860104748,-0.026638058785158906,0.012876345277211827,-0.19861319208504263,0.1804449968051507,-0.033870768797379484,-0.043758991473424075,-0.06075880486559536,-0.0762156997903747,-0.056918821780457145,0.1494058230421731,-0.07241731278290307,0.003481418665760516,0.09168070930156179,-0.03487537995290508,-0.14225241323660123,-0.11639765147692957,-0.14609854754246498,-0.06036458824375343,-0.09750171241571828,-0.03364410026398405,0.09430883279176383,-0.004858079538477136,0.01291678086552701,-0.004719123103344285,0.0014944866013394142,-0.0017121852714722234,0.00041787699004507204,-0.00035520891902800526,0.00021969464971358083,0.0022698769990011675,-7.677002635714891e-05,8.212831456577695e-18
prompt_04,turn_04,P1,14,0.17761869756844104,-0.08603425874853174,-0.09178696212031373,0.04188229315609067,0.10377519571036418,-0.06887106595734103,0.04866981308067035,0.24174009038752003,-0.178545814119331,-0.032957480322700704,-0.06985606885064766,0.05227794226372274,0.2692385111859569,0.030108095433893596,0.22595588175483616,-0.2983858443993479,0.24783072708639986,0.06258805384016286,-0.15228377510078422,0.03394768275373232,0.14461438548447306,0.08852701527314843,0.06186969676764857,0.037313058388052475,0.0437474082575871,-0.08909755154242485,-0.03468408229826465,-0.03875003114972957,0.03752344554206616,0.0910144223412657,-0.14050180847721755,0.038923030311478535,0.04658260835081807,-0.19126346609674996,0.056594400033969906,0.03222883367208549,0.12635870961988924,-0.021705082535671393,-0.019215601539545886,0.01460984892750394,0.014030613388948884,-0.03343841644375234,-0.06766167054023194,0.08083552425892947,-0.03171687329415504,-0.0878546199841238,0.0783076749219017,-0.007870943654445515,0.005471749849957506,-0.021832557370565126,-0.12129694694568259,0.1945534041539479,-0.16156864931417705,0.11325260100107633,-0.06439768760903623,0.14566345954393145,-0.09457058365442526,0.23609041509911985,-0.013719652646000832,-0.09038053566198115,-0.12973504812435532,0.007626147407602798,0.10948886664294273,-0.12939901258113257,0.14684445741572746,0.0858593527537601,0.10691298553215373,-0.025033324572439265,-0.008700711128844857,0.008696421825949844,0.2565591738901071,-0.023850641302312407,0.05697013075734897,0.11104294442532876,0.06978742489984567,0.02105159257471706,-0.033722005603993375,0.0109889176897375,0.013591662442211426,0.008898967036003545,-0.0005442216446279118,-4.2435501110388054e-06,-1.5017405256215103e-05,0.00015839782182885303,0.00016523841061797634,2.008484524529395e-17
prompt_05,turn_05,P1,14,0.1656204962059398,-0.03232571970889819,-0.051242431364076114,0.10007497773070986,0.1197421939454586,-0.0029946032419691086,0.0264798631690929,0.4233237009161921,-0.1022730302001512,-0.21945997205942402,-0.09364337695426786,-0.23679989433848353,0.11137869698665083,0.11461296772136853,0.08266759475169057,-0.1590825732261052,0.11392693981465402,-0.03496023695463883,0.07703832500745901,0.005231461349691812,0.013999937902703381,0.04199496212442588,0.06438664552875094,-0.023074177553830802,0.07423303617592308,-0.07772131460320814,0.19515790317154114,-0.28149122879860616,-0.13349184045462306,-0.007540797850994315,0.04031107553305987,0.05024969924481474,0.013364066520026618,0.11792771532561033,-0.072439832232486,-0.016797292084674665,0.031617383374647964,0.021897589350392592,-0.016145290722843084,0.16869405584040603,0.08153251977966701,0.10823744465475615,0.09353655813066789,0.008722366349516453,0.05135410916336719,-0.00769560180417533,0.005614538957366399,-0.03397347479496733,0.006756629253754748,0.06759374007038817,0.05321051335934494,-0.19890653095042699,0.1828409814372009,-0.0689439933929127,0.10480779329152916,-0.08992823918862151,0.0042885784091546905,-0.01093685663315223,0.023402328584516775,0.012258002436936578,0.02407589309543317,0.0348288509115666,-0.06315412322114877,0.14169282405612613,-0.029482341330020412,-0.12435628162063167,0.05745823597743914,-0.040335893166832046,-0.03927696833540296,-0.10202057504011139,-0.10081388559506219,-0.22046037990466913,-0.0011596408183669016,0.2122719740006733,0.12839330783535213,-0.17466697688413071,-0.08997859075272312,0.041602643978042475,0.007755812031119266,-0.004146928672380867,-0.00043546214422141667,-0.0006408201508709652,-0.00054958346989854,-7.880015846211357e-05,6.99331007852637e-05,-7.573152174811248e-17
prompt_06,turn_01,P2,15,0.10019519774487927,-0.05073726883215324,-0.058564341469628904,0.14295363263669408,-0.03283565755498628,0.1968052284140674,0.21095486870552818,0.2956605688975541,0.4159201404560539,-0.015209022358157806,-0.011903697090144305,0.23971328686279383,-0.1715487733582167,0.08038354259128236,0.13204129577205,0.19357779250065335,0.0164496448844312,-0.05530620256469172,-0.033170981193268716,-0.1988998620635966,-0.04822719583590121,0.0359485171666848,0.06339256738044217,0.07203141872963989,-0.114684746986273,-0.12676626421545498,-0.10882601129663301,-0.07966870034220827,0.048110035733436474,0.06940404220182672,-0.08118434404305501,-0.10806955401540896,-0.06875975277835372,-0.05295648114100265,-0.00864365166577407,-0.14448311770589745,0.04060521630562259,0.0004262044702524516,0.12004526755183333,-0.04330942329325541,0.04868832953390356,0.023843499569865107,0.07406310565077084,-0.045117145215748326,0.045903944647794404,-0.030006868970545653,-0.0277861356350564,-0.10097249623134184,-0.055625728148564854,0.11863431375427115,0.007226762431923972,-0.04189381508840229,-0.04589802093630623,-0.017447443392464457,0.0390494460316389,-0.041239415063687924,0.003329837594012934,0.0764116982155146,-0.02702470468785694,-0.03507497319963,-0.0022316227239543222,-0.004175729937512873,-0.025418542975788674,0.00541848594134935,0.04335836658676404,-0.05639449260199144,0.04176932515751274,-0.08120901450116447,0.00615531952718477,0.12458765847056416,0.019965996154581445,-0.03206247042822753,0.042395439920506636,0.07877815178101642,0.005895981723838639,-0.03480075908290409,0.43530697107578514,0.08612781643449166,-0.0022470489560693406,0.003666749408446143,-0.00013458487302328356,0.001536881234877359,0.0006257593553090551,-0.0001895537802864674,5.321471526671452e-05,-2.0383000842727486e-17
prompt_07,turn_02,P2,15,0.1419621318162259,-0.07816810650784686,-0.052359620790203766,0.1983309689571456,-0.13767423525035194,0.16032408223374045,0.2706103223810891,0.11540369391513584,0.2178612572781384,-0.0698271879127813,0.11299094498926275,0.16135631957521038,-0.06494961687083164,-0.0591400504185435,-0.10042376311310251,0.18637135124792947,0.16206488865147484,0.14108982845850232,-0.046592132755024336,-0.08032660693807865,0.08828860840164329,0.06806894758922702,0.08198491490011463,-0.02520730481987075,0.05735637490583009,0.0023500883993229113,0.08344697083286888,0.017845835942254865,-0.10236717957730938,-0.04671189807746567,0.02971835522102134,0.06410932893330218,0.0898162991609163,0.047192749781724955,0.007544568103011458,-0.014814811307458892,0.04307627443001199,-0.05345098938279665,-0.04097958169652954,0.051469174880892726,0.0026173009887196248,-0.05194386640020051,-0.08153691310904032,0.046591569332104336,-0.0009939250937642202,0.05231708312085043,0.12402404792345624,0.23176838743932576,0.05242793485361927,-0.2652801388586212,-0.11519094648194128,0.06711246433131823,0.17641786923976405,-0.22690967880397084,-0.24138353174517174,0.02873139541828546,-0.34673582418344695,0.06375577336262156,0.09946957599045196,0.06290805570622028,0.1741142372585801,0.014963872753726208,-0.13855280391345126,-0.08263240001446225,-0.1089469525090025,0.023180266814744617,0.005687492204620132,-0.028080202173103114,0.03313599448315773,-0.061291052538715356,0.007366786929146455,-0.02511164438803846,0.011494332276451432,0.0009955516340756304,-0.018096952118341652,0.03198883654244891,-0.05809686762490472,-0.0063103187585683475,-0.004100626962307486,0.0022938403651086726,0.00020438704697359745,-0.00023871970025033312,-0.00026026844552684065,-2.324872142995889e-05,-2.6576650275922567e-05,-2.0599841277224572e-17
prompt_08,turn_03,P2,15,0.1853957217929054,-0.09800224226059437,-0.03998459980284034,-0.04313332936234155,0.12329586001591235,-0.09893876048908613,0.16332686634482524,0.02371143579354264,-0.32823177878787413,-0.1322957065329279,0.3115478166338961,0.27618029535213245,0.13967237080077896,0.3814951558165254,0.059836501059958705,0.26549599214672814,-0.10979795215643928,-0.09689151852350564,0.04570803271039321,0.11350114801049271,0.014544987433104953,-0.0010664352896844064,-0.003756845630378656,-0.02529327521934907,0.06308381401050654,-0.0002440423198126795,-0.012566971642791537,0.002551298707207065,-0.001768882516557167,0.008705699229407988,0.00023415628033036194,0.0006321872610944652,-0.005712799690227322,-0.0002602224942594716,-0.006984904875982537,-0.004727445587136247,-0.008013421015748106,0.017215064261067878,0.0009951331541195678,0.00788938215790925,-0.008615727468094962,-0.010575853468456463,0.012643999874096774,0.029535351079053158,-0.01194078619284614,-0.02043075441146,0.0054965336366064295,0.05459860215132998,0.017280763094781982,-0.01867960569359734,0.010136232760348082,-0.0430840067309422,-0.035799965770339455,0.06139027997128502,-0.0016533440529625449,-0.08272272789703684,-0.06588478759278973,0.03973326651952545,0.012504647606171327,-0.07459089080616756,0.05664702770138053,0.06856400902704089,0.010474324140336222,-0.017028895522851605,0.11553020427591994,0.11429080380786913,0.003672631605368155,0.031276899177537884,0.028885407489803876,0.06170875441538433,-0.05206672574227299,0.05352423981935243,0.05384562375147162,-0.2664134538978478,-0.010365307769816,-0.3870998857263913,-0.02565993956787989,0.13395089541598332,-0.03145806172340996,-0.0086040217290661,-0.01597386364182961,0.0011998198995568329,0.00013552026454063094,-0.00022912180369288792,-0.00013629702336142438,-2.3039296165316972e-17
prompt_09,turn_04,P2,15,0.10129261314804905,-0.06761534565424591,-0.09129146428053368,0.2658329690010763,-0.13794657294160811,0.2666101969943967,0.31516178719826154,0.1676944809652847,0.31518087865348243,-0.005856331555785244,0.016685435183860793,0.28827548542685094,0.011264977068511406,0.04563418155577802,-0.023102724836143975,0.0485604642149031,0.005245453842089063,-0.03553343850334038,-0.09825965801044147,-0.1954368894921124,-0.12611052945772785,-0.10697761580932143,0.030160015290894866,0.07421990514683315,-0.06520036923347257,-0.06734365248188197,-0.05172786738629716,-0.06852376650733717,0.023959894919670894,0.061478545877046695,-0.034762235725510245,0.00383172746259027,-0.011344814557005409,-0.03659220808815256,-0.028176698766474613,-0.05408159936857882,0.022451020911981423,0.033115883421455355,0.08588504352125255,-0.049716159993736554,-0.03204401169021192,0.10130883560994362,0.049659359065002205,-0.14111035498816887,-0.02229624127182216,0.010411239834391971,-0.051949892858245764,-0.10398838081053717,0.027909203076366657,0.09729572175396295,-0.05824628218370398,0.0008735154906008266,-0.1563055085433817,0.14234270546813452,0.01377876730001136,0.009538576476463405,0.10186438368208565,-0.09092774537642467,-0.05712271152211212,-0.03531972598383388,-0.0556231886204417,0.05193775899877371,0.05841811893880133,0.037831470999440286,-0.011685686595668075,0.010398251999997993,-0.029999639276603006,0.10840244169248478,0.01289587936340513,-0.18208958172662637,-0.01386096373270957,0.012716485299583248,-0.09510046229966651,-0.06536346208458918,0.03198329107423125,0.012859736034759863,-0.41667271170396325,-0.06696845628990346,0.003001014173872854,-0.00926810163972124,0.00010535420469451605,-0.0033394999921902047,-0.0016596479405924728,-0.0001036212661219792,-0.00016121837329794702,-1.8214596497756478e-17
prompt_10,turn_05,P2,15,0.08646481840361665,-0.06094749813957508,-0.03131155104851364,0.1404466834735737,-0.09618943771937134,0.060975611465256666,0.2334180609403764,0.05836255902462928,0.15118661296539945,-0.11697612234061507,0.12507150209044493,0.11742293743308702,-0.1794047590340088,-0.10997169409062885,-0.09161510863802866,0.03552449780028365,0.17209429387031336,0.13766949286015753,0.09148214535776437,0.026808448547173295,0.33445159080395653,0.14688433331474945,-0.046700268027198566,-0.010513685621369437,0.13039378271552826,0.12144426498950765,0.13096762534959755,0.22493584358660562,-0.09779079753884312,-0.10495750703962509,0.09490763179820816,0.13301977782479343,0.1657138198367284,0.026921918005995894,0.09202701997411962,-0.005828623576044842,-0.02180114426216509,-0.041364238132387085,-0.15812628161900055,0.11226885572376248,-0.07418572640325938,-0.025524225321117443,-0.1041925535238076,0.0033231877504238186,0.0036076655986166844,0.05495368512495338,-0.08816560589525743,0.1469982754237721,0.1018666426360723,-0.024692636609490427,0.04670368182272512,0.046068502168614966,0.06231968365759101,0.23789820027693775,0.22924895098189482,0.05846130021905766,0.3306033216446065,-0.026860966681177614,0.06260296637885275,-0.08482911818866112,-0.12153422913157441,-0.09124745013537854,0.04429926572205425,0.012166055411084498,0.09563130027300344,-0.0006586977977013153,-0.028822641536596152,0.013267656947148931,-0.07022225765853317,0.0691759972110752,-0.0464247908799563,0.01270202413609183,0.03805422718613962,0.06609027530718702,0.02410994019037007,-0.04421465048875069,0.040337269924107196,0.031397677855745196,0.0018293364647629777,0.0038813545238037296,7.858381191781986e-05,0.00021884164315994948,-3.019266077225632e-05,-0.0002745333004925842,3.669162815919769e-05,-6.906367838732663e-17
prompt_11,turn_06,P2,15,0.010740379036283885,-0.007762452173356615,-0.009147607143330195,-0.009630168291638312,-0.013197215999329128,-0.03048443727905767,0.012833423391050765,-0.020972714296060745,0.006073167132825352,-0.029059535194581636,-0.027619704270820146,-0.013414322952277674,-0.010854328795879739,0.01007049422451167,0.016006521669670894,-0.028975486743552988,-0.0648788873486277,-0.040098586228294306,0.032153603396271484,-0.06304652178060163,0.03748537881728855,-0.020082250758172503,0.5044871034880176,0.17210826266361118,0.09702086970562876,0.1995174453911494,-0.1677029561206013,0.05292152814171627,0.04375584214620685,-0.1482476553264924,0.3826716610622391,-0.05330615911088628,-0.07183544857839384,-0.12065778561651307,0.2681555232788963,0.11875717444481018,0.18777307739464733,0.36780945079310307,-0.005530057051501099,-0.01031034425452823,0.34265969265357654,0.17142896014089765,0.026468644652013977,0.02455463858644566,-0.08793930418320772,0.03912284110225964,-0.013148726020754564,0.04883096387798004,-0.0012613798337647666,-0.015095259999712372,-0.031217662554813674,-0.028479308730127505,-0.011553415591864779,-0.03366369472134736,-0.01255939116273912,0.016668595837557344,0.01848563828984132,-0.030833390886411995,-6.207263590902838e-05,-0.010961752637156307,-0.026341699233476568,0.0103593714019334,0.01715692246614955,-0.022712679642329443,-0.00421478061312804,0.016738509233564576,0.024679733050498226,-0.007004170626360013,0.004912300550694695,0.005155648048225108,-0.01802680320314994,0.0034443973812663016,0.01425937932406558,-0.00205767151756269,0.008488926126488473,0.0005067498909600152,0.0036955157491944655,-0.0021224441360631124,0.0008712096134915208,0.0008923752822742389,-5.928442616393209e-05,-4.410190445480304e-05,2.0270070379379832e-05,-3.788565531153385e-05,-4.196756583745643e-06,-5.941427905220563e-17
prompt_12,turn_07,P2,15,0.012077638748706189,-0.015563997260372033,-0.00910362549387849,-0.01225008176361486,0.04105228189715908,-0.03850746585484077,0.07538798896841042,0.011434732682810613,-0.18305429006252585,-0.0865470429975657,0.23008368003848143,0.23366283376151809,0.14145328472978216,0.39421169139440604,0.06805651154538292,0.31900671987314533,-0.1607414420940803,-0.15724360207633137,0.08697303328065192,0.2271584524120069,0.031612225748380164,-0.003201780372989895,-0.012243890145810767,-0.09552116077485383,0.31157376300551937,-0.001617456754650435,-0.0974227184175223,0.026796434225990654,-0.030020921901587998,0.20940257607857718,0.03697291375687693,-0.028189821940405445,0.13089568767216392,0.005003634062365367,0.06461079172524598,0.03484188787724112,0.05057482410431652,-0.09275464011792606,-0.004707731438074543,-0.03252241456559411,0.03213912243008305,0.034278827905970796,-0.040490349275620306,-0.07595020645456207,0.028568964768436306,0.0465006287361079,-0.01170764164445708,-0.10504790462984369,-0.03148876419712218,0.03340603094244156,-0.016385228423306926,0.06934166971098067,0.05463966154671319,-0.09165438711244475,0.002332175930146402,0.1142857442602052,0.08676454754535647,-0.05134884939703585,-0.015245727065150797,0.08820571211544606,-0.0638577551202632,-0.07523913418686093,-0.01118250396377229,0.017920027873232734,-0.11742985260075266,-0.11192039187549675,-0.0034992556673251103,-0.029254452804567614,-0.026616524113372623,-0.05461706296524916,0.04482780525406743,-0.04432892553723058,-0.04325746924789341,0.2092115420646503,0.007688110368060549,0.2814316059144526,0.0175059139524721,-0.08297484402805633,0.01726980690331352,0.0035926275178260396,0.00515864027109461,-0.0003844860785920227,-4.306286567992929e-05,7.226542110169915e-05,4.237994609615821e-05,6.487126571621997e-17
prompt_13,turn_08,P2,15,0.10070864979146024,-0.04942542021968519,-0.05636471251767815,0.02828160029935816,-0.05113028662342557,-0.01212373198216897,0.11321646537137853,-0.00778695237596553,0.07769636411176578,0.006266779107777714,0.03310454299748057,-0.05612465433227522,0.02912334596809619,-0.170004988109186,-0.11879714529800296,0.18034223526222787,0.260235111340627,-0.02010052172165931,0.06332127403897429,0.3009989542524325,0.42770432479478254,-0.11159237077486252,-0.08209118009917124,0.14201648392111754,0.06847966956605414,0.1839512761048479,0.05609798364766378,-0.026846619237202208,0.05876257031729679,-0.13123749450751776,-0.00967748308251673,0.08180626918313545,0.03465325221909069,-0.11341025694972245,0.04015835710346286,0.052829550481717676,-0.12560995100510355,-0.0611123317203618,0.056226336116786325,0.04818554893400436,0.002113263295830076,0.04204866128273638,0.17866295853276026,0.016511488663093987,-0.14201898909446486,0.06657711151448761,0.20241198292594936,-0.29119514881458053,-0.12694280388724022,0.18637441668603513,0.09609428187335609,-0.03684842017334554,-0.11701820586996445,-0.08328786210987793,-0.16060004403673644,-0.1638660938412886,-0.09416540573083079,-0.03018432143074478,-0.14371039770651048,0.027787630596590313,-0.010925398641631591,0.06060617258289539,0.07801751460582401,0.09440940556410127,0.03700512778539661,0.008297058357057645,-0.0015207041846087633,-0.02179505564331976,0.042269828766457344,-0.07208938816557788,0.024586140222827572,0.010272886742178008,-0.027059989248189784,-0.0355586789686189,0.0005192622719146099,0.0024443662006133782,0.03781714014838136,-0.02504462765121684,-0.005321860133460171,0.00016548087056141085,-0.00040869262060343425,-9.218839883804956e-05,0.00035366164555037017,-0.0003824580593429777,-3.120057912976519e-05,2.2388774861825667e-17
prompt_14,turn_09,P2,15,0.11060670051184104,-0.08872974153945695,-0.046485827848877614,0.016394417467621103,0.13013766754926764,-0.0020673938415027393,-0.08604357151334151,0.3768636115870285,-0.04398281815624498,-0.0826390459985121,-0.2189681906695483,-0.16095449833619616,0.023634115039353833,-0.09875065582837136,-0.017193661844490237,0.22379949969136195,-0.20194236080361413,0.04711162727386966,-0.222610066622629,-0.04109096006936827,0.10579694633420017,0.13012220298890564,-0.07364612608305163,0.07592354555300025,0.007519851435208705,-0.005890513477840497,-0.10891434108833202,0.15463733393379844,0.08200271489496629,0.17846706298824674,-0.01804756357808308,0.03121937970566923,-0.0010869856529440015,-0.10888849753557135,0.09307003748478847,0.06690598188068006,-0.1341376880013503,-0.02248691266062717,-0.05989398449855699,0.05260705675378083,0.026106878422279326,0.06762319855865587,-0.009038297194617085,-0.01734915937401034,-0.13392859471872107,-0.07283740738756914,-0.04048678026871107,0.05528112259650042,-0.15306274996799232,0.05652789742081746,0.16515521499811878,0.12846705059244243,-0.10819855984058097,0.14119085336040393,0.04519812093845684,0.16885185299049926,-0.11627214937703716,-0.18645672386181947,0.13186095856362243,0.15596859279534994,0.2634869831472007,-0.06442683628354919,-0.07266664768183816,0.0935651618356332,0.016273246034240796,0.10368713958521297,0.0037823610373387295,0.0033489084615305354,0.07153905378371722,0.15622481830859208,-0.09233858863828354,-0.060717814391674514,-0.07551882100442296,0.03999744264214964,0.014127283512728333,-0.01657405889020127,-0.0620062442265246,0.010240513090396556,-0.006746545443384655,0.015552708610814427,-0.007666979078323554,0.00011491367635177106,-0.00041568181737660286,0.0010301867640358459,2.7924301865826852e-05,2.374402757743255e-17
prompt_15,turn_01,P3,16,0.2111752627429801,-0.12099250962037593,-0.00760092336847986,0.03384229286676512,0.19472990075600863,-0.060350393348201525,-0.039625522906478305,0.36463741385962856,-0.1845056001186923,0.02974984180003234,-0.15502574237821876,0.11509006923711404,0.010256530501681358,-0.11593310164018043,0.010765060493087035,-0.0001930051893057902,-0.010592051596245393,0.01295911009597518,-0.0066724837633348995,-0.04359792353092687,-0.03656362184765665,0.039869182810672484,-0.08910357443796804,0.12379589192743021,-0.04311578561046359,-0.00680295886583862,-0.0814233153139807,0.1974415670662708,0.10921668850352331,-0.1414428122148074,-0.04335245947537055,-0.05007103986011656,0.1329174618989054,-0.16913535060738047,0.10558525763944357,0.12150330503906026,-0.01609435100402088,0.024484954809612037,0.004960878990109979,-0.0793371096780985,-0.07204593215960461,-0.16307860783932376,-0.013771518667938059,0.06215556924052008,0.15637439574195422,0.0011067682917261278,-0.043488568301907206,-0.2516187674370332,0.10227863100285725,-0.14707983323575466,-0.18296324522289306,0.028823032962959183,0.11732300771426248,-0.22690189108302,-0.05472084125058474,-0.05836159830148394,0.314560210153946,0.04196025024825935,-0.0738486600021128,0.05688347329557111,0.17703730973161744,0.0717589956429154,0.010672824986623622,-0.11873206960387947,-0.026622470641251696,-0.04233158355337477,-0.08606049955871166,0.05729284803182198,0.02153141451169718,-0.05881044621052835,-0.12267028893010053,-0.04094805666541444,-0.01359037546883703,-0.05703155287954565,0.08204501049415033,-0.06798715631154184,0.02997658826815227,-0.112858452150088,0.008226826668074734,0.0012123445302620525,-0.0023792241156787987,-7.112927630990935e-05,-0.0004113512849474579,9.144784200259045e-05,8.484230387805019e-05,1.1655173354219167e-18
prompt_16,turn_02,P3,16,0.0,0.0,0.0,0.0,0.0,0.0,0.0,0.0,0.0,0.0,0.0,0.0,0.0,0.0,0.0,0.0,0.0,0.0,0.0,0.0,0.0,0.0,0.0,0.0,0.0,0.0,0.0,0.0,0.0,0.0,0.0,0.0,0.0,0.0,0.0,0.0,0.0,0.0,0.0,0.0,0.0,0.0,0.0,0.0,0.0,0.0,0.0,0.0,0.0,0.0,0.0,0.0,0.0,0.0,0.0,0.0,0.0,0.0,0.0,0.0,0.0,0.0,0.0,0.0,0.0,0.0,0.0,0.0,0.0,0.0,0.0,0.0,0.0,0.0,0.0,0.0,0.0,0.0,0.0,0.0,0.0,0.0,0.0,0.0,0.0,0.0
prompt_17,turn_01,P4,10,0.14184895935646263,-0.03943248249411081,-0.02467646834797958,0.001009832838040122,0.16911598928664906,0.01410376757349578,0.01996882888580147,0.007792987465378059,-0.09511663532558007,-0.07323605292193482,0.08513390986538842,-0.027701212713563236,-0.05909523748710244,0.044891722730801165,-0.15370578067935622,0.05372392298938952,-0.023527753504804124,-0.01566709149764064,-0.05232255206951117,0.1191092124334746,0.16221506782733044,-0.24315393315755057,0.051672517155818894,0.21296419669095415,-0.3968950241080133,-0.13699090569153943,0.08139906355080148,-0.14466247682558606,-0.059894626250238434,-0.19719547303335141,-0.013229468673560315,-0.21855534765522935,-0.042900933227494796,0.20539173861409063,0.07968155111915558,0.020059463788105525,0.21920858630903695,-0.10244145774602371,-0.16350537087282446,-0.19761559470761672,-0.053942198217948274,-0.003437993799090158,-0.30702300860629766,-0.02102950932432449,-0.0522428201826052,0.07488478274418647,0.13207880191491972,-0.03036651838987977,0.05362215678571026,0.16092505799833454,0.035079766510571285,0.012111701211815462,-0.038483610383690275,0.005217167138969998,-0.04657195133726982,0.25670802133533765,0.05958798262038073,-0.0820527192719638,0.08586131510099505,0.02737023037255227,0.026418304873093285,-0.035097577129661536,-0.012918721533701143,-0.05519479941866987,-0.03619963475173227,-0.08595006420604222,0.06553671735123541,-0.07068145164099732,-0.006317323284924285,0.011536546019512529,-0.003186759902520648,-0.02840620082132249,0.011769333023733345,-0.019919718607708956,0.0691146636458489,-0.025848016898402073,0.0026962363680182234,-0.016412473894814504,-0.024548307258224846,-0.003378097200192411,0.0007850969025584184,0.00017910002768202013,-0.00013023618748661122,-9.871276956245529e-05,5.1353744671792425e-05,1.1777146098623794e-16
prompt_18,turn_02,P4,10,0.11859462261000682,-0.029698463418511185,-0.015800251780067137,0.09582281322657636,-0.02614392215083491,-0.0008930309151772401,0.02108409703282241,-0.004418109257427723,-0.13522429636607197,-0.12289510305470981,0.1794269769021555,-0.08363492441326434,-0.17710795071086247,-0.05909234449518686,-0.14434272514957983,0.021484728066264388,-0.025323730333905253,0.10891515648889884,0.2457805135441039,0.08079705281679701,-0.020649378722027843,0.2800642507333535,0.17816499488579163,-0.17442449960002201,-0.272724877859043,-0.11347097411716567,-0.06063292567983186,-0.14209564229481964,0.01852390277478832,0.24214482190817066,-0.07741350031985846,0.10936197929816255,-0.08890764597527656,-0.08403515245432992,0.044176011709262525,0.13350806347015282,0.12648338283006075,0.14476482710898586,0.20329352454568503,0.10702276418517415,-0.22018897757398068,0.000921397745477008,-0.14250906503990793,0.07163684055197451,-0.21640814873209074,0.10786506778516017,-0.015669711677907042,-0.17618889844869284,0.05089223912353626,-0.13907467041644545,-0.08937518802373126,-0.07019464972565607,-0.06094850495357479,0.031548254982683044,-0.0950172133330553,-0.053171597316174414,0.04770270466287755,-0.07885764993922703,-0.03673121283456223,-0.08496856885234567,0.05605408555649842,-0.127632764820328,0.05936756204971226,0.1431336702122422,-0.06418982401844407,0.12922327994976465,-0.06547837701373348,-0.04370971110363694,-0.01275139824834562,0.03462954232119561,-0.003935446729928927,0.007434904446100434,0.061839634746416135,0.06270220571546477,-0.0018792749077821498,0.018512478908046893,0.0027429523010760624,-0.017358070337035895,0.015688257603533966,-0.005619225658728209,0.001120687846878627,-0.0007619664955142244,-0.00028689629601026645,1.9831042034466599e-07,-1.555084204518915e-05,-6.36053980752199e-17
prompt_19,turn_03,P4,10,0.0951766937143443,-0.0416590819930793,-0.01967301599020552,0.008911572465464186,0.01847666809779729,-0.007021631815702332,0.07512837731847413,0.08782507578235403,-0.11314678588822305,-0.05687204843594136,0.07565609093194527,-0.025742418846981134,0.028259553074512646,0.1394200760782366,-0.02205471156850366,-0.022971494399504598,-0.0274111298710392,0.1287518558831967,-0.03189983635504259,0.00586175515119046,0.04172537826144063,0.009748915393306577,0.09240046467248658,-0.3646446074374574,-0.029954877857254647,-0.013446164865212279,0.01533861799189741,0.18915792722057706,-0.1337894293383164,-0.5657857053171265,-0.3091704775314117,-0.17329926465423454,-0.1347999978511291,-0.09033267221614938,0.049998597376228124,0.008357897972620815,0.010287783580351694,0.127167750039435,0.288693815254763,0.15042759263413655,-0.06954090479413415,0.011984670421784494,0.03470936252217663,-0.13048983811918938,0.09470875778340798,-0.05328810326359107,-0.0656105867337207,0.04760992124436709,-0.12096148262943421,0.06110978474152092,0.03330083315269456,0.035662868314344585,-0.02954863049667352,0.053691422012252646,-0.014818345216030242,-0.017781545497346646,-0.06418176750898129,-0.07732746085240604,0.0648861631297952,0.08051742729119118,-0.02963641878848265,0.0008184473982997917,0.043675258086365666,-0.03617398204348164,-0.003153941029173428,-0.007755184665022787,0.04030848882184021,-0.0024734066560113455,-0.06326798598141939,0.0028860669132269403,-0.036064637245711545,-0.04793659251417431,-0.07282031673148716,-0.0003418317076222204,-0.012500385651597409,0.10361640284054464,0.007067279904892942,-0.020512468148908336,0.012728988622729934,-0.007027253225948795,-0.00205885007601977,-0.002729804362196719,-0.0014106089382849183,-6.30637981957733e-05,-0.00016828866756397336,1.4596071747086107e-17
prompt_20,turn_01,P5,16,0.21672631483891136,-0.08577428777323645,-0.09296715250661004,-0.010925246447276863,-0.015173817840286737,0.000739755084058772,-0.21275216726933846,-0.059876550988848316,0.09962531249730444,-0.07413361959943221,-0.03697431129978929,0.11888390098980794,-0.05686838416786376,-0.05808027623840491,0.3586768550137759,-0.022767819025284877,-0.12296399110257625,0.2333819503052849,-0.060489481581340585,0.25609933741001834,-0.0008143189227179518,-0.02484955362953383,0.03479007475401553,0.08503874287812961,-0.06388540785794664,0.008374514049176732,-0.14428137301774063,0.024042983721532536,0.0011788647673484625,-0.0574340422022351,-0.05447198280520438,0.14256490712083963,0.1499552421690965,0.0058291259128925325,-0.19973519542934765,0.08538362025935364,0.021956831292894285,-0.06092711721121184,0.020555767147457247,0.15601054527025027,0.0026215757551817736,0.21383356174212076,0.034482187280340165,-0.022585542949557908,0.12064055886269837,0.008409294719835626,0.13701901239087363,0.17013783739534635,0.14180580935832096,-0.05661184019160636,-0.15207140542679215,-0.12745423291525196,-0.12034378094276685,0.1281749737179772,-0.013520515545742942,0.13143065976822638,0.016490547995657693,-0.13025557405836485,-0.2870285940814488,0.14023154304518046,-0.018804245811066236,0.04271977547303009,0.018096750112750453,-0.0013799739792325503,-0.20557567979561853,0.007573995462735151,0.022055975612718964,-0.12494344703422075,-0.0405806828776794,-0.04696121929585939,-0.057931627580823736,-0.034843577764699346,-0.03162189131197838,-0.05276423003072536,-0.0037627802264829694,-0.048783954029409084,0.07172245290266963,0.025456540108665767,-0.03127617656837934,-0.005115356856913742,-0.0015949424537102556,-0.00019460412976241609,0.0003875713214411486,-9.288329317295169e-06,8.568612134272449e-05,-9.558597403175333e-17
prompt_21,turn_02,P5,16,0.12171805487546547,-0.042084080072988035,-0.06427558596895482,0.006157592667300712,0.007336008997238266,0.0008215279351127165,-0.1876405758357204,0.02256675895775508,0.19911579160795037,-0.006661052354157368,0.0675499440799778,0.0910949707639835,-0.07139896358812974,-0.01053075943283708,0.4208589416087946,0.008909250807640589,-0.12642182104604527,0.3724276146606595,0.163529473264385,0.21674171625641286,-0.1502955870358041,-0.06385767396446135,-0.02135338086180916,0.09090473221357334,-0.0402850775048733,0.10240433542196647,0.032673374651182654,0.027124603558733456,-0.003072330921371913,-0.06422288184641038,-0.02349771048200735,0.013886491757071276,0.04662683233809829,-0.025204739797650734,-0.1082457181837755,0.0445448166980671,0.03800743431812272,-0.046739868306391485,0.04746620030539045,-0.004979454076963797,0.01825827448351533,0.21861472765541545,-0.08618852415105815,-0.013798402752074649,-0.04977277014418058,0.09259261335552699,0.039451117291755045,-0.18566716203909717,-0.08672603034762778,0.03557885943389016,0.10539265881489703,-0.022027357488273728,0.17756394769069037,-0.09733227258463996,0.0911887642420198,-0.025538930448729426,-0.03537129098972995,0.05696099799413775,0.30001906418698593,-0.18631553123633135,0.11657941658980213,-0.01621412000096174,0.011768780136241027,-0.07672466623417522,0.21174480078257632,0.01881490551660991,-0.03670924455336969,0.11121451676419276,0.039123104362796625,0.04390127387167082,0.04684650550400944,0.029055687408426567,0.04130678486683191,-0.005367219286920269,-0.0010175599707357196,0.0823733131773012,-0.08434846831614774,-0.013448520848544625,0.0027616928655970455,-0.0023241073559738877,-0.001536913610306454,0.0001922157262225693,0.00026821571690602443,-0.0002875110887734013,5.745304619196923e-05,3.6944189027443545e-17
prompt_22,turn_03,P5,16,0.054532018788434514,-0.03777783729192831,-0.001472507617834586,0.004302953934409448,-0.016590044378471294,-0.0024813938408082144,-0.0888864378071058,0.024471223911019382,0.050804447298956446,0.04553325831454802,0.0118225039028599,0.028995276193475417,-0.12905715380617805,0.0013704860228525915,0.21611103017487063,0.03037402947038444,-0.09517956335872849,0.20687608067923882,0.08493015746105284,0.10409484696691089,-0.06032166811381149,-0.22636198654546846,0.01931489798610433,0.06734839426717047,0.1686554045088376,-0.07441907854674487,0.29175652756067694,-0.20616499488583617,-0.17313464326416925,0.08304047137132022,-0.08091600406749669,0.032015040703803,-0.3001025685897165,-0.1524645570035665,0.4381093000956489,-0.2050256907413211,-0.2948758686535325,0.17662994588076647,-0.09065235291925472,-0.0021428575274069603,-0.07068998386154418,-0.16544396482279514,-0.044088306062328074,0.011133228007861179,-0.011159874153810498,0.0522077536780486,-0.01834637779983989,-0.007222283135489319,0.059674785017378204,0.013309311937635255,-0.09541545057211209,0.047782541011783336,0.04695461364482668,0.04058511506291296,0.02212802026631451,0.05822986777486446,0.019951261058941197,0.0023233988110614055,-0.10374090692235165,0.12937918035076015,0.03351333934578875,0.032360425128519575,-0.02676446919885372,0.004436035555481392,0.002910912902344446,0.0623157874603429,0.014348415744191555,-0.07068260145178652,-0.043999105655928655,-0.022842423322432543,0.015582585455778168,0.04456077688449663,-0.03222494406767141,-0.01704490287704669,-0.001425652819390001,0.005694681071399683,-0.007149905613028324,0.011590807226527304,-0.02808700762677616,0.003888357052455319,-0.001145385135822373,7.642027771498393e-05,-0.00014410887409614691,-9.748757041024134e-05,-1.2377082182404125e-06,-2.3771132631744685e-17
prompt_23,turn_04,P5,16,0.07873238280320524,-0.022531624130071863,-0.045134407932087,0.03222220069180815,-0.033183136575018854,0.006666134478401227,-0.012314618769221297,-0.019788203702324838,-0.026549502391134194,-0.010259151465845127,-0.06898265328452438,-0.04700162212815952,0.06393266911604485,-0.005954971627083504,0.08220861484021261,-0.09338328479919883,-0.07886970415623362,-0.04639130174485764,0.024759400449005535,-0.04130834384051299,0.11217778433634598,-0.018432577441748213,0.3532961864900688,0.20874577501907574,0.09551777924653795,-0.04317214861690649,-0.36195496265873833,-0.009331924148740884,-0.32689274300643134,-0.059682724806473526,0.08181832191571381,-0.0005695732021055585,0.1851824402840466,0.300104065568991,-0.04089376381251282,-0.1130023926971927,-0.3748219398495943,-0.03260726112550244,0.25547148949405685,-0.0611883308441783,-0.2664288128393101,-0.10187571176694764,-0.06650356531638253,0.16051938213441636,0.00946529167229028,0.005382178892435248,-0.05545604753351112,-0.100161732704373,-0.008157777687627796,-0.03284337312624381,0.09046386566578153,0.03221839299207285,-0.00807649827400002,0.08549655185520974,-0.07308991524894703,0.012404850622084391,-0.006957159234165693,0.06665850367090757,0.048639485347162274,0.0012279199083758084,0.00591851655797105,-0.009002490783401691,-0.03624323349678122,0.013126941967962106,0.019033810618051518,-0.04372994686656926,-0.006767886672127293,0.0018920184620302052,0.013833528663495182,-0.009188657468005049,0.028182308947963447,0.010370797041680011,-0.014933259353577446,-0.0023373119945847244,-0.008758762697271992,-0.014701070441034438,-0.006859026835495401,0.00041223509112414355,0.0055008990583077936,0.0007863146711798916,0.0003410235713295382,-0.00013076887050836623,-0.0004502744156316801,2.7883578089289922e-05,4.0554275772988306e-05,5.994028651245055e-17
prompt_24,turn_05,P5,16,0.010284976098313298,-0.005063127764719755,0.020117132253193334,-0.0006652691326479634,-0.01112700789109642,-0.014471118263655141,0.004187612891243573,-0.008382466825534845,0.0008675190582607293,-0.0017078336213958154,-0.011394711750270537,-0.006080980725426533,-0.017267936134068258,0.009779833041188634,0.008343449678955289,-0.006481644453837837,-0.02334289449127247,-0.023360922692963516,0.014830852930503093,-0.029456576757179453,0.008080648232659936,-0.03373977286923561,0.19480553700561845,0.04184247769714814,0.05839308971775569,0.08094234233223134,0.22522507498522149,0.09210160908332328,0.4747622702088713,0.08328020712601966,-0.4967898200021432,0.0747351127209063,0.25074668632220515,0.48265872858688774,0.17946201220193375,-0.03617469910356016,-0.06332238205079935,0.1874058760577245,0.0764446841076759,-0.03755047890849376,0.1235243082257218,0.05470409706822768,-0.009702030371165815,0.06234924510542671,-0.034226633012913926,0.014582610174151318,0.0032227629370570115,0.011592265283645835,-0.01158131883695411,-0.0004362654451451747,-0.01807440876689956,-0.00872876696925434,0.016148185487253965,0.0032176821416028357,-0.013305137608169329,-0.00604190715186222,0.015071917474819459,-0.010061309999915313,-0.001311659793488403,0.0019476059897152397,-0.007779474092697814,0.006221858904460814,-0.001969923702731759,-0.009835650306922005,-0.0011665520560758989,0.007417249976897602,0.009657201650585936,0.0004435352356233931,-0.0028448553412824037,0.006899181305764716,0.002737000069517076,0.008834379584401216,-0.00396009554618016,0.0007329773191408005,0.005317616178495432,-0.0008998628564639191,0.0005175539860815503,-0.00096272087040942,0.000658835513626233,-0.002422560593327442,1.880417688274962e-05,0.00017854902334244575,8.403541353322142e-05,-1.1278221364793691e-05,5.891433353717887e-06,1.3725999503666484e-16
prompt_25,turn_01,P6,0,0.37209630305946645,-0.12280922083671572,-0.044034613982418466,-0.028850227869555337,-0.07963656947544338,-0.07050106927171597,-0.1455789865279833,0.058287269747709924,0.03380865424992525,-0.03851233032585808,0.0681451183737192,0.010688081267779247,-0.07672588338234607,0.009115835950555371,0.14845944687431104,0.03429890528547532,-0.09465994220754696,0.11035625739973089,-0.1559511655086781,0.1155792179249801,0.03958981248533951,0.014129699475581636,0.10018995948208924,-0.037041798758283485,-0.08212014806360968,0.0828328832241985,0.10717797765057452,0.029292798602461104,0.04804344697606975,-0.07933000769671353,0.11206123908053478,0.14380742986090214,-0.13192140805605573,0.1207995685341826,0.10238881707010572,-0.07753654287311054,0.15812677494837038,-0.16659755308572805,-0.015434402257031304,-0.2321658100634778,-0.114683492073545,-0.10035514330843975,0.19619813802828023,-0.0007864746919530587,-0.04617851509572548,-0.29228956668711453,-0.19040598054377808,0.01787648516687925,0.02653082273274164,-0.013199311712950159,-0.027479445054570784,0.0671066538779304,0.10231830818688294,0.00106514997465326,-0.17116824514994225,-0.05333001438002415,-0.04105685394609362,-0.0394353724609386,-0.05653706262314779,-0.04899194747842893,-0.21652759032806,-0.11982245696510353,0.04876410586498325,0.11372779418860748,-0.09361970499410618,-0.007267683701668449,-0.03746778847637113,0.221698040272398,0.268149119770108,0.06349400083474815,-0.01478527656342847,-0.08236211847485729,-0.04793938690078959,0.07376642188735412,0.02865902491464391,-0.057195260746872194,0.0111611077646592,-0.03466838601935648,0.023465997182352153,0.004565002826638734,-0.0022234758932061735,-0.000671104013999374,9.169330293715288e-05,-0.00023731402011980813,-0.00017423427639064285,1.4633680009944182e-16
prompt_26,turn_02,P6,0,0.35451623779972824,-0.13847133283135807,-0.09540970539889626,-0.0035057090490685965,-0.09253949907079899,0.021675282222677627,-0.21688303764177927,-0.018796291913259017,0.09325989270702943,-0.013638123765045862,0.0748897324722512,0.024650997064401416,0.05629190410291624,0.06264172482738838,-0.06372282925141848,-0.00795509624668546,-0.15718521463758361,-0.045143615110568254,-0.18069278173720515,0.08154268927543026,0.06025737228613927,-0.05668974291450702,-0.04860796648367968,-0.12100345463844407,-0.03899614938630609,0.05541270417245214,0.07791760577343186,-0.0882021054086988,-0.006315528755932207,-0.10339176582308003,0.06521079967743337,0.14199487974313807,0.1079161642037335,0.0032357213200108524,-0.05357691118761718,0.0312813243870554,-0.018810613832935672,0.09437105008994282,0.05308015356566115,0.07716252027446426,0.11497443204799201,-0.29658485915379584,0.15514917481698862,-0.08291326366428908,-0.11950744346831776,0.09922738444372112,-0.10144513030390366,0.0381211897144341,0.18385120257530635,0.09883832776211537,-0.0239396552744279,-0.20217063974807187,-0.2559227367943774,0.008698656593666313,-0.10057325961687262,0.02152412945006709,0.12220444428542517,0.1755601288997269,0.06270648254346271,-0.16514464023492173,0.21665101516652815,-0.009478178191286378,-0.28001200948611005,-0.056866534447031124,-0.00044337057720198023,-0.044440394703944085,0.06445532874640648,0.02365121505930893,-0.049012406513400775,0.1167451157820088,0.07886198702797409,0.06548002497419715,-0.052718155813655604,0.09525540919259803,0.04263830813738631,0.05275640987038685,-0.024465261122600564,-0.029085620455635845,0.01153902741022903,-0.014688761713576352,-0.0002677827510044233,-0.0003756227222020235,0.0005775403765815684,0.0003415069502178445,0.00010404429929776915,-1.1890140293787528e-16
prompt_27,turn_01,P7,8,0.29566951761008065,-0.04212942347404737,-0.017393134453765384,0.015592580936165754,-0.10457735079541275,-0.002525779805517126,0.052347169155568946,-0.049970387691080885,-0.18687814134496944,0.04501530208293231,0.15178902966567964,-0.15803614398945418,-0.2230134862584737,-0.1895904689865471,0.27064149526982234,0.05054547145339256,-0.0585462987326058,-0.18885908567842138,-0.0030831387105962993,-0.12650930493631937,0.05185062091413335,-0.15261704986019178,-0.018911262212134326,0.08153849419383037,0.15350577316442715,-0.229270985671457,0.1131674801070531,-0.002016357630098484,-0.0036106506240138284,0.03578716565825042,-0.0016625256839326917,-0.15594337386786994,0.0895224463432497,-0.06780385891258085,0.006247972785667672,0.12582078466152694,-0.1169396919775541,0.016620252005544983,-0.023395846595074068,0.05962232662337397,-0.026225263524128763,0.017429802818969404,-0.011027812455308253,-0.0742090088735653,0.05347225352556806,0.008405589414798485,-0.015705092279533765,0.18479380630909903,-0.056584867273686786,0.005469401657689732,-0.03561034547327933,0.011338791515433325,-0.21045459996410917,-0.060383920880674645,-0.15374948422555632,-0.06803534154453134,-0.0016420884113500696,-0.13829888237677407,0.0005160180805078188,-0.3151244933051504,0.014197664295554684,-0.11296245276626517,0.06638047053025259,-0.07126767816342851,0.06059020151353647,-0.06617978633194102,-0.07314518998170805,0.036799981062541384,0.03245034448617611,-0.05634333588152199,-0.10968471697055157,-0.25662588372781964,0.16683504339215705,-0.020801607892448483,-0.04027885287297244,0.07362920355490302,0.009360640871781055,0.002235513676513777,-0.0047390825954884514,0.022104964699210458,-0.0013927269631432624,-0.0005970896160162909,0.00026815770621233263,-0.00014671826863793983,0.0002936224626102907,4.8328311838541465e-17
prompt_28,turn_02,P7,8,0.17180024245890693,-0.0686957541819031,0.004904135409657043,0.08064268898848655,-0.06888253112793694,-0.04154092300035156,0.08735702670692475,-0.009801627995523868,-0.13791255008841824,-0.10933679740223141,0.2574848046558704,-0.2284368196687431,-0.2736280768918647,-0.16984096045382885,0.05799841872772844,0.015181433834979125,0.0940134914714773,0.03067292678505582,-0.028138340641152237,-0.03401002974247275,-0.012858431074112966,-0.09078633348986319,0.09590863392309944,-0.2324027647411236,0.041320469957214945,-0.2852692794166569,-0.0889751018037276,-0.05749063527721521,0.027867722368574394,-0.06429418922559653,-0.006391380709499481,0.02944489433367948,0.0677975477344145,-0.012647068465952288,-0.11548367380868285,0.15692887766482766,-0.17326006727207174,-0.03902103913606883,-0.037248945621455,-0.24076831413690797,0.2200088137860379,0.13662882386495995,0.14634830526298984,-0.1571686757915784,0.04491221643552223,0.13606547429351656,-0.05243900535700587,-0.015778128196933843,-0.03156966831250861,0.010344557869516546,0.003975535299213902,0.18315282547883593,0.10976208074352246,-0.05068569864896294,0.006641120749832634,0.15648924146648668,0.08396914857565445,0.18720925037023525,-0.07269626377543731,0.08785718428359604,0.07012181939672116,0.020216851790421982,0.05866691959863843,0.14954463216895272,-0.00790042469869059,-0.016842901899798236,-0.03142408708428215,0.0028135717462848655,0.032632217437509076,0.06844462274609844,0.11344769184179147,0.192348869192519,-0.0709474074484279,0.016842362589284263,0.019456861249354744,-0.10270665891198483,-0.028079057213839617,0.019191009612016034,0.0061216366914394055,-0.0038013272904233106,0.00011299517700208729,-0.0012782668110662026,-0.0007634921324674122,-0.0002749173269115872,-0.00013939197032893533,-5.560728947077118e-17
prompt_29,turn_03,P7,8,0.15901126633295162,0.032793653522038724,0.06443116380485385,0.04541863116572447,-0.1220026946848219,-0.022026855164333174,0.09005754706169881,-0.06156916022739867,-0.08663615489200778,-0.05141121347177938,0.14970083691775468,-0.12392161472998249,-0.10056685461547843,-0.2737913323552861,0.15228234357247833,0.01018053742702405,-0.10590490197883336,-0.0599749735020389,-0.05679134550473458,-0.06852062333884744,0.023612133892150645,-0.09984863032176397,-0.22918707952366052,0.02918866832223313,0.16392403905071642,0.021386905361916897,-0.04857966619248922,-0.08587610213056471,0.10116967585299987,-0.015557221214539023,0.09699226463207718,-0.26179876596073226,0.15281957492278112,0.019847397560257746,0.16669074036286397,-0.10004203468947326,0.29869359584257554,-0.08903642050157716,0.28799794935327416,0.2725325972040373,-0.09330666747217917,0.06162043287773162,-0.11013352940709173,0.15117791188172286,-0.12831604131254162,-0.16908866832975453,-0.11355982551849482,-0.010146239773828895,0.1536949725657868,0.14747431727110336,-0.06492364096243122,0.04215565230341677,0.05719992666506617,-0.024570775437117366,0.11884889411022999,-0.02318970858102832,-0.08272337382038496,0.09076829643843307,-0.06200039816022333,0.12285436307496593,0.0516544840903269,0.013858584184924057,-0.06525560027967091,0.04290396171718739,0.002086881172511187,-0.05656262224492866,0.006176939854913568,0.009885775006775597,-0.004390193642025393,0.006743857804115591,0.01866097843890398,0.17185941333601432,-0.02350599380956926,-0.0010851886983156316,0.01786147733756252,-0.040660035153389056,-0.034974677268237324,0.0012786937703163591,0.007931342293124229,0.017684969616667448,0.0006976858513032659,-0.0013162924163097726,0.0009639074598293087,-0.00022838828574113512,0.0003511993871541466,6.540110792339904e-17
prompt_30,turn_04,P7,8,0.32520026979453726,-0.08944760349177432,0.008437959981894944,-0.020049738881553328,-0.10943084477528905,-0.041671569631594005,0.13570056805561706,-0.03403264372065401,-0.14530458153548995,-0.026838009176345483,0.2418644435797808,-0.05813008048901863,-0.023796602774989465,-0.1004708745341877,0.136675131767943,-0.008186722428493696,0.034154591410320546,0.025351338533685847,-0.1956567701301149,-0.2152409047110144,-0.05116250881728054,-0.044619919887870306,-0.022970196686525387,-0.19637091938137255,0.04008046796313665,0.021531926353955243,-0.1557989036891053,0.03478400776472124,0.07515239340916191,-0.049468283376519206,0.059468757459567485,0.09079620213305473,-0.04402448830431308,0.05769931372803904,-0.06603230163790005,-0.03670138973375639,-0.12023717073821341,0.005131867802084805,-0.12396341517945811,-0.11639170787844223,0.08470640531545398,-0.1079109992095541,-0.06788513255252945,0.11235678657465048,-0.0387803567022063,0.05190177009035939,0.2157744323495715,-0.23170618168486115,0.2749688051336455,0.03070962805853569,-0.09826242103294029,-0.13769567941103283,-0.010438686691974262,0.006770016665638515,0.1745588932469679,-0.09395789069674469,-0.12430047244320377,-0.22713625174629545,0.1366127384370282,0.11627490326952537,-0.15764068816729027,0.028418922457903745,-0.06204611579350481,-0.02763550884811903,0.10403326877927366,0.1776158587375232,0.0652460848478207,-0.00868483199768715,-0.0001999485731047405,0.03854193950060125,-0.025072721785426185,-0.1313968626817317,-0.0570755089333597,-0.0014419120940448572,0.09428642261919865,0.08768399520455057,0.05002330238760712,-0.04489881219075141,-0.048936654195193725,-0.0016982179571631557,7.134380622133932e-05,-0.00029548443812575165,0.0006511345376062732,-0.00017203608273206158,0.00013546757007789793,-7.090343394876296e-17
prompt_31,turn_05,P7,8,0.06121812949171687,-0.023579247925459592,-0.011094400075515527,0.019358958832472403,-0.030075914957883736,-0.008271995482339698,-0.013357873280758504,-0.04118857160616566,-0.030536396415803142,-0.025155058003859806,3.76044140998413e-05,-0.07781188534795871,-0.07702334998230184,0.02027237355071839,0.020730085119576542,-0.009184326620488851,-0.09169082640398053,-0.11705279487259466,-0.0251551860351778,-0.0914859590268961,0.03293342818680008,-0.09673507709995773,0.5198594692330752,0.07076199611487403,0.115066330310353,0.16447337459437839,0.2131495097962052,0.07669476141004213,0.3090292925338895,0.029867574222611756,-0.009673752084450432,-0.06103206163421038,-0.09211388176042751,-0.25156599912784944,-0.2746907320917411,-0.04870416126681281,0.022498717793393987,-0.2697753472722297,-0.1264264953201558,0.18563181689205965,-0.25393011795991005,-0.14182351064487891,-0.12541656545350455,-0.1510249892731328,0.11256373529412884,0.1270762245888392,-0.08725919528932477,-0.08864954184958977,0.014894137729610787,0.010951955844027814,0.05006902540576977,-0.03589419094531706,0.014978956774085686,-0.011989477682935611,0.03732581767291703,0.03140664974254434,-0.06008114961687268,0.03701285015918313,-0.002334200486863154,0.05485715721182745,0.02145154934584868,0.041609589532361685,0.008305117365009624,0.021713250159696607,-0.023203917945196082,0.02113427700113076,0.03618187780239501,0.007720758055405924,-0.03605847931455176,0.013370316554253333,0.0242127407647637,0.04742839915435653,-0.045476991591395774,0.0209774403025289,0.02293351264353229,-0.0329093939237558,-0.004680136942743096,0.005081469017035029,-0.0004077065547580922,-0.006914492766895364,0.0003563538340249788,0.00042012358269868347,-3.2317180845947656e-05,-4.28953499180722e-05,-5.1030949872190524e-05,9.486769009248162e-18
prompt_32,turn_06,P7,8,0.2844472528964148,-0.12108010925445652,-0.06277959661233652,0.12385087459556546,0.028285959016242673,0.01747597366042322,0.036861375797176396,0.21358365223220288,-0.11271765303702716,-0.10029616775554027,-0.057085254553821865,-0.21807447953208012,0.06253574544263212,-0.000963608685762598,-0.008609700943539468,0.18877860676994662,-0.2898086040192409,0.024709465467229207,-0.25222978467763735,-0.023466643064074904,0.037539606217533196,-0.00787020500453877,-0.01800350559718248,0.016466485417350723,-0.12929958955896043,0.07183403989894464,0.07691426805559977,0.1501141841509368,-0.10209778586046206,0.014006126397550821,0.0061461376976345095,0.08486451226748272,-0.1575730938348167,0.09171806954958163,-0.06209228553227998,-0.07029940404001463,-0.07424219233426857,-0.02192898933838272,-0.011708732156075003,-0.030340078830571892,0.07128758275909565,0.10137098798530346,-0.16409205521655368,-0.069065018048433,-0.2080307917640647,-0.0006667623715635705,-0.029035652698021407,0.06818620988547719,0.03312661577477819,-0.17046485677304493,0.09130640753849331,0.042485212195206706,-0.011923338756697684,-0.0648281497170346,0.1235833032913386,-0.2486241714085316,-0.0031750644173509255,0.03776178339651804,-0.15229155310099685,-0.1101886083544388,-0.08409656953415483,0.1803190982603096,0.08244680981404684,-0.05331156990455115,-0.03818296904055307,-0.13072523009080214,-0.13669746943425845,-0.07487246863674812,-0.13143340805492945,-0.11985334680792435,0.18924593923771604,0.12692272600657126,0.10749009005039795,-0.018603141090577837,0.07207450896101388,0.07847144727937562,0.04039266284065608,-0.02703347096710078,-0.00785510138315613,0.009248826069578818,-0.005899858308718878,0.00028249936309299455,0.00022006540264899995,0.00015637262095124227,0.000158463854845927,-3.964791819507927e-17
prompt_33,turn_07,P7,8,0.1932157223780261,0.031175103323938726,-0.0011722986391926402,0.11344482671454453,0.5172628427124487,-0.023056482511058105,0.1077219294729723,-0.15519536682944915,-0.0017124711652125337,0.07122871048922409,0.06348898880182646,-0.06686445698289753,-0.07190896347904692,0.09248991637119398,-0.08377016596943565,-0.0067622968566061,-0.060279692337896436,0.041109748029104116,-0.12962057544956565,-0.0359675038681044,0.007760879019733812,-0.060147948198241714,-0.005875013003110059,0.15741271175706364,0.028702055600098333,-0.1259670325598952,0.08215666707895054,0.09290435408385558,-0.08450777723492667,-0.009200519773400789,0.047566006366744774,0.0614142445334279,-0.06048378078716222,0.12236371327355723,-0.055728872934293634,-0.08005288243184464,0.08639545813174493,0.007813759997781665,-0.004765335465194653,0.032261479229141486,-0.03519996905196172,0.17861533149644623,0.0022294354888925155,-0.005630819697153487,-0.012643339506842093,0.10103057936187053,0.0720122323072139,-0.003164400960662444,0.06467145568873361,-0.008359920787508721,-0.013358408345202945,0.053261478401693034,-0.06547639891715837,0.005413282400958272,0.017896053702286883,-0.18568383614314649,0.03228551120288859,0.3269649241536233,-0.149600564991144,0.10015825045694787,0.07459789706945832,-0.05369628335069064,0.05837856157177401,-0.004511211577152093,0.046279422532654595,0.23788348796078962,0.08077960580842963,0.18404818003769707,-0.05215141540445995,0.09279472434249048,-0.20748194914518345,-0.11261756141865487,-0.09892708564485644,0.1107084212415505,-0.1566066993268285,0.12679169146091734,-0.002167324882251343,0.00749265784666627,0.020215420403526144,0.003033255313756661,-0.00462009542027989,0.0009503509889369841,-9.501233785696188e-05,-0.0002594311263544145,0.00017111702974511578,9.07341693098806e-18
prompt_34,turn_08,P7,8,0.22103955480533452,0.033988889002347075,-0.016298875084375213,0.10813537256503862,0.5255454015898633,-0.012237383087172244,0.052323888511400976,-0.06954294056620597,0.12422939985294949,0.1344834284996852,0.00027180706753915444,-0.06214981168109191,-0.09298586831412894,-0.08671559749609747,-0.02457503214629502,-0.057133634841057046,-0.09682032221434983,0.08592350805553113,-0.16916100669448364,0.04563521964126393,0.022251214777801037,-0.030707979585171595,0.047466654565559596,-0.09133000536849452,0.1840018388976948,-0.09477780591813223,-0.11487939809079345,0.04084193661216454,0.0465470962519478,0.07385999323456019,-0.02764238387129231,0.11121986721354038,0.007182602372439215,-0.07861875615094592,0.08073243118729981,-0.05517856090710989,0.08039012957946737,-0.05109930107760948,0.08891906747739887,-0.02282096838340831,-0.006411888892002815,-0.10385142627198751,0.013518690000640122,-0.0658930852677288,-0.03668068942696183,-0.06463691630691874,0.19839997015369404,0.005261661846464086,-0.16313147470810177,0.020626286474324473,-0.02494106601321007,-0.043705441481010826,0.062214587271531514,-0.04244661628363231,0.020070733309243853,0.05191978691858344,0.03666575317368651,-0.050673451737002204,0.1766068984287414,-0.18837772970391062,-0.15259831794089448,-0.026774174110292155,-0.12263250202980412,0.0912380390180023,-0.10907192414523488,-0.042090704117977606,0.08771295264722982,-0.060294766612399894,-0.17741152434384272,-0.12193823633768106,-0.020041650404074744,0.07896249160340693,0.016182096160727622,-0.031180303268700096,-0.17984401657207966,-0.20283687801480876,0.024327429836493858,-0.23079785847966044,-0.0439738512852896,0.019525233741179947,-0.0035808166043799034,-0.000650701956397764,-0.00035945248582503164,0.00015496362706411872,-0.00016857606045040567,-7.478284484718767e-17
prompt_35,turn_09,P7,8,0.17966168078238923,0.12069824686158737,0.013386758061864509,0.13611721638130334,0.568965211494479,-0.029766462083698608,0.13905885378995103,-0.19839812526739042,0.15564850283327925,0.1388176444941019,0.0843074495566976,-0.08714137953929464,-0.04591569989909212,-0.0013142257699246109,-0.06189518499133117,-0.0850422805516142,-0.08171043029392144,0.0025220962975253825,-0.0550130886904736,-0.028241585928126638,-0.03233178122213329,0.058563769121476976,-0.006125415404076514,-0.06217834591808266,0.11332654896777981,0.10032625974619266,-0.04548676532129695,-0.09514646079198334,0.008934653431116563,0.027023828197487807,-0.00914889993144954,0.11874658423952413,0.003224107564051188,-0.01939154587980159,0.07613691690389035,-0.052327671757700214,0.009270266526078633,-0.029859305032141997,0.031840484963901274,0.056141283838285476,-0.03809919132619678,0.03334025561247185,0.06151711117684426,-0.04401394445087332,0.08147467750029823,-0.052639946542714026,0.03841321393054374,0.014106148816586544,0.03996877861466691,-0.04516644516756271,0.050585292059576965,-0.019179736442114608,-0.014646237106311678,-0.02869558433172642,-0.0960676656987804,0.06865336262869243,0.00989111023587417,-0.017902657886457844,0.047321040997030675,-0.0443147028002107,0.04821513266521221,-0.09773135279807355,0.11000511996036696,-0.0019236660548723641,0.05440435218525771,-0.10129915092292656,-0.10171203469394455,-0.11082550827878238,0.08190233859552108,-0.0045774146051770605,-0.01593006538588492,0.02536532543816975,-0.08562315855946231,-0.16402416408115358,0.4500259863071154,0.11437145032964095,0.01372152833448774,0.18230719316661187,0.03330706703291763,-0.020551199007505943,0.002745349256810153,-0.0001053780384850022,0.0003962760906473247,-0.00027999105013776937,-0.00021155292048354908,2.4855334804230183e-17
prompt_36,turn_10,P7,8,0.4886788525199235,0.00820383266831213,0.7220233784445786,0.1682235121385479,-0.06376282696446695,0.010608253588458192,-0.05251088346340736,0.04641480663035815,0.003523684917588437,-0.004417473715759729,-0.07238519183143478,-0.012378412789642827,0.02253067529021561,0.004668411915710711,0.009706929764251667,0.00978886455871128,0.015594490676799008,-0.03351654586002702,0.01636253734198796,0.03280091497401304,0.005571647205352006,-0.017514440575604452,-0.017583459529423785,0.013210311046229002,0.01716559137765541,-0.008110413493521177,-0.026129650456513654,0.017634326487247304,0.0015622948165067401,0.02158835292525854,0.008293258203539098,-0.009660332175871237,-0.0052004766358231085,-0.011339107970399507,0.01086759880683238,-0.008861299863112109,0.004698677717361481,-0.0027940108191416113,0.008155537886283017,-0.003426139365156675,-0.00703812117329057,0.008861179648266848,-0.01976024866109274,-0.0029698718686933883,0.002403610809273689,0.009975775001627874,0.02583723186762352,0.04300321281100168,-0.027961126583224517,0.010351831117010438,-0.0034146628676225282,0.01781143538885539,0.01193668886822517,0.015135671400396011,-0.010078644461287516,-0.012852502775890694,0.004169716695170824,-0.00851465773438072,0.010180973302902178,-0.014596090412148145,-0.010267176129474427,-0.006799963772352943,0.005715865047362573,-0.0023166263154901453,0.005464860538581787,0.017732291914361972,0.017567009306971828,0.0023800744657724946,0.0040597882301058145,-0.0007029977729108626,0.00855951375048806,0.006067459721018596,0.00015649029518772551,0.005789948453882194,-0.023264478205763606,0.004370582812397858,0.00906677195668545,-0.006519426467427181,-0.02231746262048305,-0.42686404448928983,-0.0018332790358202263,0.01848937343574074,0.01156057188567943,0.0010709126722108636,0.0007478147013472076,-3.152317816501604e-17
prompt_37,turn_11,P7,8,0.15548195551502636,-0.06845022333073429,0.005448311574646554,0.16015841001610825,-0.10303504609367603,0.018434372662825795,0.09411677067385907,-0.060720678757791156,-0.1874233447923877,-0.11284513436820383,0.226803969984373,-0.10404313208050825,-0.16858282250635503,-0.14240772529857407,-0.12610265514948188,-0.04626301876834001,-0.05304312315722205,0.1350420861182364,0.10057798738782964,0.16144461453064776,-0.12048518497796719,0.3106070197775812,0.03466421167747881,0.19109923446429564,-0.1095258800247735,0.0270475949081001,-0.13712153389631435,0.10499755409616797,-0.055944127252226146,0.17255089173193486,-0.09135817723584186,0.1357503810567431,-0.055800719570619654,-0.02002210652869515,0.013096586967618737,-0.16731067520808515,0.03514249051291366,0.023887808404044752,-0.046539856740218113,0.03171087744182958,0.05765634844196691,-0.08586117970551559,0.11552655844421535,0.05650405110909594,0.14592035214723395,0.04600305256361906,-0.16081108644011127,0.06467380591021023,-0.029234592032629902,0.30171987353335156,0.11341492126796794,0.07709727078468583,-0.059034532509168014,-0.21848763403620353,0.03210300281642145,0.055398093550547145,-0.06523274625720527,-0.009899306535943904,-0.04798153979130668,-0.001454142082121374,-0.08550426787487694,0.12474538824968194,-0.03239845168729562,-0.2452988182506955,0.017171668726431517,-0.09824730745630075,0.15176018292282348,0.03730773689584701,-0.07779099392404674,-0.030629295392864558,-0.0308489710478437,-0.08558219354785529,-0.09112555367305551,-0.05465819806864268,0.008215568816798205,-0.00565519960819351,-0.04106098177807318,-0.006447649227202461,-0.004016108560501817,0.0054279182008636585,0.0003738621745356702,0.00011753052690555903,-0.00041314024171466737,-4.219062945537983e-06,-0.0003561944305774519,2.030168567979105e-17
prompt_38,turn_01,P8,18,0.2571486719221482,0.14866484371490654,-0.0002481195091440127,0.0923009536651359,0.10306570913397384,-0.025853060343404215,0.06476254226385192,-0.09107589638610603,-0.07601664786543627,0.08952299052250651,0.13806543613138975,-0.04220463945081891,0.21023246588068736,-0.17360005336803752,0.2841102745536406,0.1248455188331234,-0.008729008662771567,-0.12238136486599788,0.041235395527165215,-0.2164515255176021,0.02731832582076489,0.12347644297861068,-0.09630931443092726,-0.01972245102526274,-0.15063842000296646,0.24925720098976284,0.0027590334284134438,-0.12059674999998445,-0.0029470964628218557,-0.0343902650868227,-0.04707242144362636,0.12811224928806916,0.0070493572433122705,-0.077649362909996,0.053026590672973,-0.06594575410278714,0.029973153521167792,0.06279208644420027,0.010813759988748551,-0.06179080819842548,0.08615249913148727,-0.04799370368768372,-0.08893231867332516,-0.07436456861173182,0.18040406668436862,0.08244990072865473,0.0007704402554000676,-0.09049712364728507,0.11036430723043997,-0.0039556250191197465,0.2177714087455506,0.09158049046304137,0.17345982330135812,0.27120404254987845,-0.16858132307897392,-0.049931839816769116,0.017491087208689877,0.020455101434391675,-0.008777780060247067,-0.06385027657726972,0.10273755251587485,0.06415806009774418,0.08854132921391776,0.014444722440362876,-0.1701348033957199,-0.10815219306812084,0.21241557450365273,-0.10154717024475769,0.06709951315149905,0.03860831858713955,-0.0722740384719768,0.018622439602218727,0.07686790741520903,0.036281460054577254,-0.15575236267362924,0.036557741497322195,-0.046335568715591934,0.0016859226622788742,-0.005221593979884038,0.015183195834022027,0.0003746392149940753,-0.00043617799979123683,0.00207762361288924,-0.0003487441683799151,0.0003532057848570879,1.519915920553117e-17
prompt_39,turn_02,P8,18,0.17499021931703168,0.049815075379458486,0.009732990760705017,0.05051823061491965,0.23139938736018137,-0.01368509324488208,0.062289536314841604,-0.16696064252935844,0.10579296530727264,0.16058971632640065,0.022081950774878803,-0.10416678534168713,0.05918442140430434,-0.0174705571826274,-0.017508660471940343,0.13238667758444506,-0.01427274625334029,-0.06396530503504498,0.0027335684600931203,-0.023318966445274748,0.030251128565833264,0.20341529179999843,0.05893714565038288,0.028554376261568586,-0.043028192521382715,0.26534655551757913,0.09691078018322422,-0.31208750443330235,-0.1950615942499363,-0.10241901398845016,-0.19844904030225297,-0.015067694575425658,0.1737092073690862,-0.14224739809707135,-0.0018587561772888737,0.09122773260850595,-0.12792782129313657,-0.1125064509690604,-0.04407537690911783,-0.13277129798518195,0.12511435175468003,0.15223680418012095,-0.20004725407382376,0.05572671835663364,0.06289968086903344,-0.117734602695057,-0.28469120781050844,-0.0025639426680764293,-0.0005922655259333962,-0.04278979026025369,-0.2228582512898467,-0.032905688508460984,-0.18527968531151637,-0.15011994727085864,0.11126372178199999,0.02996724425938087,-0.020516222196558204,-0.10228411877725514,0.0171900928684241,0.053061569808095066,-0.02526690783151935,0.03088088295129676,-0.07209875299208472,0.08379609316886316,0.06569341497874145,0.0488074892116523,-0.005093779744524505,0.15063821457213075,-0.014781796271470485,-0.024956286693494586,0.0737822311440844,-0.005407280714662258,-0.022722125024709543,0.03960310295627749,-0.0969442750711669,-0.051818193135159916,0.037414651459516994,-0.010530487655720094,-0.00022053146466625623,-0.00891166832752844,0.0007712296867325335,0.0005612718534826963,-0.0005005586313247043,-7.487659435044553e-05,-4.965349082400971e-05,1.0543866127421534e-17
prompt_40,turn_01,P9,12,0.441143413864972,0.8102126647965172,-0.09577456181745048,-0.1028983103150382,-0.05151443134099763,0.025379214697549675,0.006942617045818192,0.05807220928196549,-0.0016347575843025694,-0.022598392701807416,-0.004742067449052208,0.05004175317712339,-0.029556192732792322,0.04990038739426233,-0.0800969658427667,-0.0072535494325849815,0.02055766865949561,0.06062931702512276,-0.0602904095341191,0.018437557927668116,-0.032746573677836274,0.004812805659201462,0.043735036171969804,-0.03481292032698151,0.0002013446011663213,-0.029017567340812178,0.04221474256657479,0.01182826384887261,0.007072739855502929,0.011184528201269117,0.008451620452160193,-0.059859859876390496,0.07087519993361062,-0.06543597987995654,-0.0010986682484622516,0.012247897205696105,-0.07860822961997864,0.027557026816113564,-0.04010377694513538,-0.01152919858807161,-0.030686789917986845,0.06232706239641627,0.034134424268433515,0.050665185159681624,-0.04769986771351866,-0.07445791748383442,0.012825669755968135,-0.036599973908660745,0.0796270423145424,0.012613492772760915,0.07767616852915141,-0.018391305730446703,0.03774810501185577,-0.005674350046818658,-0.007093401064368191,0.033742613750639826,-0.02611421347823142,-0.011220762927671612,-0.0646573063117809,-0.03303328334693948,0.007863746912214392,-0.02364832880900909,0.007114101698289906,-0.0423742641234439,-0.023882983191954598,-0.029424796569902833,0.0204444219016602,0.046399335267343675,-0.05708036190587885,0.039124400040111626,0.00919933780437716,0.002302376242248188,0.02274606005165723,-0.020651691782782578,-0.002275063107754937,0.0033755034345786445,-0.001893411422824528,-0.02055021233974871,-0.010626481480016233,-0.007822990889104106,0.0029180768688289935,0.06706135764108834,-0.11838923878861281,0.0030462943280994232,0.04061738445820992,2.3771132631744706e-17
prompt_41,turn_02,P9,12,0.18480575553067657,0.2304599171830803,-0.0724702113964741,-0.016339745536867064,-0.041567110223712685,-0.0017359224457157425,-0.00013518468524558477,0.04297256521446443,0.01547947785069739,0.03317121491977762,-0.07568008191618543,-0.017695887379444417,0.0072432737183154286,0.04541329689135513,-0.11039379536624426,-0.005215106850729295,-0.051060115102830574,0.08664429347574952,0.19038606468060335,0.09815831569182312,0.11748371953226633,-0.3575360735089858,0.0941901907888837,-0.1611718384165242,-0.17489917172508895,-0.2050207026607681,-0.1282327411869537,0.01685183152813526,0.08169225049797767,0.048139440431984995,0.02627117933366484,0.18280130959301405,0.08815084233794002,-0.09632467994614224,0.02629162366407305,-0.18469292049222422,-0.004636004657051499,-0.18105219153403296,0.0027247197954164797,0.1791707388677526,0.33379996449848687,-0.06923306417270092,-0.20027435665357,0.14492069814552958,0.14988493646979917,-0.13618448602067187,-0.13459209882006298,0.029787052678541127,-0.018540224069955716,-0.0161295038310608,0.03659465556241407,0.08031565043339095,-0.09137888133151717,-0.015693245491259857,-0.019452340920860945,-0.18128577344690558,0.09181913244926182,0.013255564660998061,0.13216732621758776,0.001881854911062039,-0.017020659837565722,0.054587791551249085,0.011252331878683405,0.007595357512386471,-0.013920270745051292,0.1101024390229895,-0.02510853500047778,-0.11224899387256577,0.1722249284981956,-0.11221415707725106,-0.06447136675486488,0.0024946774135434766,-0.05697593285207955,0.01933755771506873,-0.044257888596832086,0.03492652362437412,-0.009093468190998367,0.06142453954997751,0.021223592229811083,0.008009885963803897,0.0008512908234513324,-0.000188704102539401,-8.833290293667516e-05,-0.0003556130361565983,-0.00012585057852505566,1.401670121116415e-17
prompt_42,turn_03,P9,12,0.44367480059873043,0.8202251726388045,-0.09949532280806395,-0.10569214758109154,-0.054920952676232655,0.023588358678044447,0.005858550318661399,0.06668853612082136,-0.004449475625534877,-0.027889384393517083,-0.007921149694799538,0.04621512827858653,-0.03547284280576611,0.05278748352238187,-0.08329183448122982,-0.010091267479283685,0.031711507109134875,0.05137196057068572,-0.05773744774646918,0.031152916624626704,-0.042664781716431836,0.002438621783737078,0.0365356576921993,-0.02570250677527572,0.004875971148507161,-0.021253090853198552,0.03595335398770804,0.008900752778357016,0.014135803464074446,0.0024912628684085,0.015871610121195687,-0.05037070659305481,0.07067232925995469,-0.060885084816305494,-0.0037546664146543606,-0.0037290250326903213,-0.07645527878462803,0.036598310081745994,-0.031042330267040195,-0.022048307263972996,-0.0403311213964665,0.060290550706202435,0.02122017448015727,0.03389700238731673,-0.04135957595860171,-0.0682429082808754,0.016141656698065728,-0.02846374168683959,0.07238187926504339,0.005658765121905222,0.06653448075903409,-0.008393377367368214,0.027204332038974488,-0.011476643328003503,0.002083119574898519,0.031442905749340555,-0.02678403719751863,-0.014531305401055634,-0.06183440303309907,-0.03342273050985334,0.015484546303361754,-0.019830109522679683,0.010099748297057726,-0.03603938431958345,-0.020211644341932976,-0.02556686351132354,0.016493001450070568,0.04317019419167174,-0.058935985440423645,0.044435520260167116,0.012776978234244691,-0.004395455010251132,0.019509370641495286,-0.012595253912998292,-0.0018552548902993906,-0.0008491021356414609,-0.0024896031012463303,-0.02074834151188177,-0.007513947876118009,0.00036495663787798534,0.00023263072377631628,-0.004923880758518706,0.032823404996397715,0.0008273803463910152,-0.09164200816756835,1.6015698966684305e-17
prompt_43,turn_04,P9,12,0.24759510561923828,0.3704691463506367,-0.022332606780725548,-0.03316741198026449,-0.16954929291124135,0.02382043154287645,-0.028894225958286578,0.06830101962124245,-0.08545845122653875,0.0279716572195404,0.043132933843629706,0.03307903199932648,-0.06733391030499856,-0.042608600447687106,0.05353241049109082,-0.10749834882288019,-0.08609842380714149,-0.10925738608546004,-0.058026880315221976,0.013010231718179215,0.08993019460140718,0.09268650827923296,-0.1581320143618675,0.23953549030460916,0.11625182979756664,0.09854428313064048,-0.1516265530684914,-0.03125766010397301,-0.02573071249476083,-0.043389536383959704,-0.1081704742417785,0.13284333581861138,-0.3119679076794753,0.19331281676100637,-0.007185522638342984,0.07679518687581165,0.14818067706474783,-0.08081081118496419,0.09649251055756146,0.06411889024343945,0.08829172096068214,-0.14038209742220656,-0.06960890995110044,-0.176526127048322,0.05315553923375922,0.28898279874266536,-0.023617008962328715,0.06277559101183537,-0.18471719501508713,-0.06145869606250043,-0.2437601206028367,-0.010234101839229476,-0.0225758170620306,0.02637126579629243,-0.011263196889011133,-0.015679598092048375,0.04574442854233234,0.030791228948145684,0.12741279939705097,0.10871672435434761,-0.027762036784357923,0.05294860871769378,-0.003908307904342914,0.14032777618182196,0.12041761131182604,0.0009243139834729289,-0.0569094044625876,-0.03208383028613786,0.12075175465600245,-0.05735756417715238,-0.00730992067264392,-7.744931854634353e-05,-0.004313417976003153,0.011961811490118891,-0.004992347074111849,-0.01469915097714839,0.013697016577122472,0.0282262255666419,0.026489100778060427,0.019040338076661164,0.00110216014368646,0.02461161877598385,-0.04145119994847488,0.0018365604528870713,-0.02111433423010356,-6.60821224129915e-17
prompt_44,turn_05,P9,12,0.46059112278052394,0.8279093833104635,-0.09539215669379028,-0.10179742083526547,-0.10340450152523688,0.02837409940992191,-0.005796403086596463,0.0819806609719565,-0.032823385458272944,-0.013657357071645143,0.006717983466233697,0.05293874183941257,-0.05686697171218624,0.03583399801267811,-0.06084108778097921,-0.049707034264803995,-0.000905173329468281,0.00804859270751371,-0.06711503649931322,0.03437336397889648,-0.006377538285805452,0.03681579820925689,-0.022497845990016096,0.06725103072977667,0.04738645122418671,0.016561870146324778,-0.02709688074240834,-0.0018658356158181187,0.0021575564189211895,-0.012779906903636937,-0.028631861966859497,0.006568373523865321,-0.05580304009858666,0.017691288404725627,-0.007121774264820961,0.02370243977827076,-0.013605429389514534,-6.906341812498405e-06,0.0063389430763533304,0.0022555545125803552,-0.0009016403757231496,-0.0008178660417149192,-0.006808046874592196,-0.035055098311043205,-0.015168715212548116,0.048544182607008025,0.0020964769191724165,0.0006295136255006095,-0.00875215021275477,-0.016137161701855758,-0.03312652623010001,-0.01046219244251361,0.01486893827547168,-0.0027624405358575802,-0.0020800767963675883,0.022658725323225458,-0.0069897080888663525,-0.002385246888615568,-0.005956240668385269,0.012534713165813425,0.0013157225443439816,0.004041895007311323,0.005746598691695132,0.02251028480000697,0.02740302072731925,-0.021301303862581368,-0.009315380473841934,0.027712200839169872,-0.006920025926617296,0.01843534729076642,0.008328079145654928,-0.004451878609195511,0.016031226061841576,-0.008390313269804344,-0.0023285341501316694,-0.007504074931909769,0.003138061672059314,-0.006786094033432351,0.004163415250156442,0.008556136788952937,-0.003256719893902271,-0.07224509008844829,0.10125473058999622,-0.004954155379628497,0.06023750382443654,-1.1018204577883934e-17
prompt_45,turn_06,P9,12,0.45962876462260177,-0.01697111268759284,0.8268067041430641,0.1697848092520304,-0.0774883488232512,-0.010887539470958609,-0.03333903299631022,-0.015150879665520386,0.05070165429498146,-0.000986384356634496,-0.06749832440146177,0.025607210071503753,0.05419079795281097,0.06780275035590956,-0.019152878588957496,-0.022275140182973854,0.008449062366130128,-0.002285271484309032,0.019329273785723123,0.03712856648346563,0.004280025278706318,-0.009828341487175605,0.019813222697909246,-0.01378583470421872,-0.004216993399883892,-0.0034827705692209014,-0.015928563394779452,-0.011559909272359302,0.0023470177446026884,-0.00420579635404331,-0.009857067293465133,-0.00045256600841719164,-0.0023557219417897172,-0.007090476483165956,-0.012778119634765257,0.007987826417248465,-0.011664840361446155,-0.005181036091705957,-0.03341277072421057,0.000540147270135827,-0.007586984696698012,0.022032359201284685,0.012646540804101136,0.005935960188371081,-0.011471184239243332,-0.0011933537760428904,0.012077232933642648,-0.0016162205569900726,0.010897935321796746,0.002958561210876392,0.018432220888027553,0.0035436368174860803,-0.005151132016052083,-0.0011538974320166936,0.0028624135342280406,0.010998132827308316,0.0007087324973153773,0.004817388984083265,-0.006001357436079694,-0.0053419271190434285,0.01652522135760726,-0.009412505404985325,0.0007684596462231632,-0.0030920480693898736,0.007696754694682555,0.008899610540921839,-0.001565443280248948,-0.00450737895753965,-0.007520631550585778,0.008057092374799762,-0.00817183321093941,0.0024594168684431037,0.02247238979450194,-0.014087587604472542,0.006355183357343945,0.0006466562392726748,0.010330996353250282,-0.0031053469930300277,0.004849290915248067,0.14666773906553407,-0.01378000148091217,-0.13433885006615137,-0.06772502610204463,-0.0028408664700447753,-0.00685653859355903,-4.6620693416876783e-17
prompt_46,turn_07,P9,12,0.45395897358491494,-0.01955242579668793,0.810912462758144,0.17349310248502592,-0.0813962255107381,-0.006909476399147037,-0.028395327677682176,-0.010097666133947544,0.052830557581359294,-0.006764476909472207,-0.0601162749045486,0.02730181602894588,0.04975985688249164,0.07388927737404434,-0.022288690252807254,-0.026466487559469228,0.003627542275615355,-0.0007708732298264058,0.014820450221612097,0.03594187392938529,0.0065352576081001415,-0.007122145405665587,0.022839729735502662,-0.023781924415190326,-0.0032702139820723008,-0.009943697928169225,-0.019947514751676967,-0.014583503811573124,-0.0001770963861656492,-0.021088995872336494,-0.01852548552913944,0.003460379294825746,-0.009745813016829254,-0.0053905458437180555,-0.015528555812626197,0.012000239133158435,-0.00939705246097915,-0.0035363560168888593,-0.02096707456346108,0.003377985924224566,-0.007644470585190226,0.021889723360243262,0.01697339087097301,-0.004652812330859212,-0.016316362139474176,0.0053362765000652375,0.002890227538745729,-0.0038803458613044664,0.004058189530712817,0.0009723974103823264,0.010535670583070412,-0.0003327725749978925,-0.006816643326988378,0.0014842107120586936,0.001453391581395435,0.015991135377910724,0.005389143862974059,0.0040768537495959375,-0.004445269124344502,0.0020976298159256137,0.015445558430292551,-0.007190895994937707,0.0023134327360801424,0.0013249257020162615,0.00993148933818393,0.009941791690827444,-0.005516883419378525,-0.002142611916836173,-0.004487975198308075,-0.0007822082246084966,-0.007109868579142264,-0.0033032736644028485,0.014042319697063954,-0.02192099594011125,0.012008477609414411,-0.002128339383383546,-0.007381283041288214,-0.006962380794527975,0.0011349928598401297,0.23529476085396078,0.015531798827565606,0.11961928365651397,0.05910322481463084,0.0015761127749319985,0.006341250106674724,-1.3579632210380986e-17
prompt_47,turn_01,P10,10,0.2618514689883039,0.26198934438286214,-0.039745246490792085,0.06381425412128278,-0.07591660765335803,0.022233835255673868,0.001496519690710657,0.023849627560295013,-0.059687641833615565,0.03420064586492889,0.01626994045994918,-0.06544376207331479,0.2060243870358961,-0.1859424508266255,0.28223511273391816,0.1295465859851178,-0.01863631013396207,-0.12663355960332884,0.18354754222426833,-0.1518277788139015,0.06533062603088155,-0.0484735592782777,-0.01044657294700995,-0.062394595175711706,-0.1575140886413123,0.08165824710093243,0.1650941852206597,0.15153468218877025,-0.15695194044120497,0.10927016242065764,0.04729260030513189,-0.04953441507730189,0.07397723590092695,0.03367603802361234,0.003845279387310543,-0.018961007145730586,0.12850382707428493,0.13526219124727268,0.021021675714718045,-0.1102682181495896,-0.1731011579860643,0.006380634575178485,0.0870539182193852,-0.030358367599591856,0.05344322018036851,0.011294130572930305,0.13352933736604772,0.09317321222240571,-0.17290824799154622,-0.0406527182486761,0.0954210927265898,-0.07853443575304307,-0.10979068952827628,-0.1808793865435773,0.04135789360544687,0.05724013555646179,0.11566868947218809,0.02914567621955112,0.041892089679529856,0.004767889043610404,-0.09396322766139487,-0.03142302190123244,-0.08248869147953092,-0.06614923977986566,-0.0513105854244022,0.2537106762386943,-0.06568427750340905,-0.07915439566926145,0.00927025327012471,-0.07446836018005445,0.05427624028853803,0.0885932855738433,-0.30651261175147854,0.07345136288517529,0.04812668697492021,-0.06849981916759784,0.023318508683367132,0.05739626421425684,0.014382248970086548,0.02205096199644915,0.0006457780930637503,-0.0006738803937175968,-0.00029300244102053064,9.66621489801617e-05,0.0005682694473152835,3.133683091662012e-17
prompt_48,turn_02,P10,10,0.19174099804817524,0.0952559518057271,-0.11056123974352745,0.16519303192565907,0.0771433974715553,0.03585855790199114,0.10452181313339944,-0.08814467027270387,0.06203808149635817,0.1287921063785228,-0.020781234561714372,-0.10140962633870709,0.41680894228205173,-0.1853756244457804,0.0863440663878597,0.16987285790197765,-0.0016248096712537395,0.043545428895837034,0.24491763112651807,-0.008904303046088188,0.07770399439640047,-0.22885763251124216,0.05120733536797393,-0.1313204329883444,-0.15734052253121278,-0.07507539237596704,-0.060565414089799645,0.17055062404485524,0.03258980893383756,0.06792208707869975,0.06166455573578617,0.11640815009940152,-0.0576194057302902,0.0643065246216508,-0.04495667742943868,-0.11105877790701668,0.057755724578993355,0.06874919181394872,-0.0441793599186465,0.04686039377272046,-0.02652578426193125,-0.059113073931310836,0.11472205874543709,-0.013154247797238535,0.008620322966728468,0.047063979960697354,-0.10547529138234023,0.003550732762935377,-0.08572413875700864,-0.002272409021181713,-0.18774916543967143,-0.032206386713060496,-0.004341079405667173,-0.023338143409642645,0.050433564240573485,0.10938615605605952,-0.05473153693594704,0.01097568430578644,-0.04570779367998668,0.19335572906852191,0.02284425901156197,-0.11646580554709231,-0.015494507053752955,0.07953097875023589,0.11492304868467132,-0.1694674627927579,0.01837668593921557,0.17519570417298924,-0.16118190034528898,0.10164260869792185,0.021512861277441314,-0.07230210391972816,0.270900388495772,-0.07630619098214868,0.06230738301954824,-0.003617567840667748,-0.01469801602408388,-0.037221833644127726,-0.00940845112552074,-0.007045396350655924,0.00013047822716626812,0.00017258824204450263,0.0001943704525371128,-0.0001368853623759092,-0.00019150796630509938,-6.831151313016483e-17
prompt_49,turn_01,P11,16,0.2894233719382715,-0.048149667642755016,-0.09901523897521224,0.020956027480037668,0.12220675462660383,0.045635900564936174,-0.16452995471470006,0.08361782714402408,0.19430295283268328,-0.14846222510615678,-0.057956115119050994,-0.03655143849510083,0.015310900495416368,-0.024184043471146735,0.04015121027618229,0.1710148804932593,0.04002380859084947,0.11065181837047385,0.2188932983222237,0.004603172285855165,-0.21138710057591634,0.09929143190234596,-0.020638923004455727,-0.006416099747445523,0.16993129493402587,-0.0018819842422066865,-0.01869716048538243,-0.08139157885659994,0.0810770155934365,-0.06588462166042831,0.022199250062502167,-0.22227650107687918,-0.08644687318041483,0.12122950550176462,-0.12341744862279871,0.08446359682597517,0.041741276095555196,0.02088426231198133,-0.03061322768040986,0.041662835404241864,0.052143454983170044,-0.20834965597994984,-0.05364593628773245,0.11204923524178771,0.00824859785101278,-0.015226646177194809,0.14199339573225178,0.11656917976703889,0.11795741410166621,-0.14196803351843584,0.22392977664688396,0.20945088680428373,-0.23029363803807745,-0.11286092423964202,-0.13379006560315415,-0.05804102151293769,0.14827699228642607,-0.0779321879400124,-0.02071597449774524,0.09147267721087318,-0.11287062079050227,0.05261376714047819,0.03631758205638011,0.21231944049339407,0.14517482882358118,-0.030629224403251963,0.21444783162003417,0.08333315924820399,-0.0485300686441276,-0.009079252473549872,0.014384112624942316,0.061638449849791256,-1.7551091095382812e-05,-0.01761992746799611,0.026333093062778524,0.005184569420285604,-0.019639452693118804,-0.014039021464202835,0.03204408931365693,0.006930658645776315,-0.0013063937936625596,0.0005997699604077812,-0.00042307785959310503,0.000259485977319965,6.946506622516739e-05,6.131163285405539e-17
prompt_50,turn_02,P11,16,0.2991084743618888,-0.12169762713113179,-0.08068136053142975,-0.13214609215516984,-0.01256455684496636,-0.06279686939710823,-0.4105333549740879,0.15890537826098947,0.30818022546659246,-0.04904872917589714,0.36025012497163955,-0.028207344638463406,0.21784310417446423,-0.03983514786956414,-0.20810639036047557,-0.14338413016337948,-0.07729820769644909,-0.09047559050032516,-0.01166526574730288,-0.07318474418351953,0.021506176583755063,0.04128910936292235,0.00691579107131125,-0.0036014783395967743,0.00396825105326969,-0.07284618973247249,0.015630343566406506,-0.004677677366136862,-0.02302453255780489,0.027355049293364637,-0.008134090400393014,-0.056867064322453684,0.14617321269260816,-0.06875647877062314,0.07430892738054104,-0.039226972833531194,0.034920850935065625,-0.0012384832734100239,0.007746353446379697,0.003997465329200283,-0.04848630938955858,0.044075369835803575,0.004312018169992109,-0.00819531424697176,0.020006491027825514,0.12618333956502104,-0.03762619539588128,0.024024499198958646,-0.08337162685612576,-0.027784971741224004,-0.0052486281835131725,0.05753627211758998,0.05764241625430031,-0.013849957046095374,0.020413636426195102,-0.03563918142522061,-0.015770065078077877,0.015810421223596195,-0.04101287932012731,0.016453920154402377,-0.06265541811493831,0.038712401440929536,0.05716397874164164,0.033873632974941975,0.04252821308204729,0.01946894501728036,-0.0024402999201469213,-0.008895094783128788,0.05416871670444215,-0.016368137757315916,-0.04727665972392334,-0.013729525637998938,0.0003644213258841304,-0.040193536878775506,0.008148403788067396,0.04915567455736786,0.008436569829675417,0.023683157878389094,-0.44994663367844717,0.012751511833971198,0.0010757898852119562,-0.001813400491222684,-0.00031597503099106125,5.8385750989504386e-05,-0.00020288674603387497,-4.404571325722371e-18
prompt_51,turn_03,P11,16,0.18980293623104713,0.15893615552664253,-0.021826814938396374,0.11467081291847372,0.36054035118429756,-0.004858934926921313,0.012756102530536212,-0.09072936726399146,0.10550511694340038,0.06499274278970753,-0.0024185741591490864,-0.08640126527444429,0.12776334181345386,-0.03646315582846274,0.024520409671692972,0.13130128870744878,0.1358444540975665,0.17125423065357473,0.1536275607625899,0.018853976081139298,-0.20119180024863179,0.04390845363297933,0.08741525859372445,-0.026952113521745404,0.08287799265701766,-0.04675559342199892,0.01286550120495138,0.11111807786958433,-0.0046930554025863165,-0.02651320819656591,0.022593666632044856,-0.19790094876540246,0.04618631357907097,0.07459726544026679,-0.04807799813875019,0.16986603488888397,0.015296082699429019,-0.05925573305400516,-0.08830817370348515,-0.03413923933046207,-0.038044632416179294,-0.17462349680485925,0.12332117244512701,0.02475476728037956,-0.280964671676436,0.11833004611901526,-0.11832518472972167,0.019750970433623918,0.020535123248684367,0.20419436340969485,-0.18343152910982746,0.10091263282834231,-0.0041515134856276725,0.18657673866137134,0.05448622870926518,-0.08299425168601741,-0.04603246756608663,-0.029780730974420355,0.03283381625508141,-0.021707003253091075,-0.00276831755045328,0.2558875387443233,-0.01700943019274152,-0.12073617889094654,-0.11995517169330519,-0.020933664462998474,-0.1686895392193578,-0.160849102104765,0.16624108318236397,-0.03357581953190389,-0.005614659275293795,-0.06286299468750221,-0.0019710260771575888,0.09933975435190617,-0.05080373986110524,-0.022683329299020085,0.0012753558076960992,0.08213481617000139,0.006799746292199061,0.001797744047479968,0.0016650529273285679,-0.00025172734815994666,0.00023948014348955664,-0.00016585026757428035,-0.0003154252184741229,-2.932766876573289e-17
prompt_52,turn_04,P11,16,0.07698750668600282,-0.028872164210963776,-0.06760814496816879,-0.006529275878879628,-0.03054537529530276,-0.05054897260160787,-0.08207683387256341,0.020181731292155742,0.15273604464690194,-0.0181362037562512,0.10630837020201676,-0.03350801269668009,0.2792929158459583,-0.1694498553899459,-0.14252809644369385,0.03555729377935619,-0.037182709498903996,-0.08227040563826221,0.21138666858064428,0.058105351756769084,0.2208159919558607,0.05071023825119889,-0.05468538702214607,0.11919231087563226,0.2441263905785091,-0.20808215462651772,-0.08367090978696952,0.08283709034206349,0.16577897711963915,-0.0628105500975071,-0.10509272592460633,-0.008294446356597476,-0.41734670919086675,0.005755758575284082,-0.10076960623927828,-0.015379556286504574,-0.05131189455469461,0.04284076576729085,-0.0033864191932833493,-0.14763708742713022,-0.08805078485925702,0.28960831532617015,-0.005840050815163286,0.05802232443097283,0.09648776893721159,-0.15505434004616991,-0.10490257477475029,0.020075100938243842,0.29949229363835855,0.001246844740323824,-0.04954160798034942,-0.0671800923086696,0.01818075262127609,-0.015965006594035328,-0.024431413677468015,0.06333718699194513,0.010498022155043503,0.008582958954768155,0.121651264396111,-0.16547917432063836,0.06590863595555793,0.05385025099458378,-0.06407802917965831,-0.010719729877015381,-0.07727362445937852,0.037536391892497155,-0.0022183745118651045,-0.06603525654128196,-0.029168922158911866,-0.0032505691533460572,0.029162056642746566,0.00890430913405556,-0.07574030702608339,0.03191651926936801,-0.026543144736851387,0.00584786309571739,0.0026231385243593317,0.00928390610161971,0.04571141752523224,-0.002805707913929384,-0.0003330868643604264,0.00032980497797611166,9.231828881869629e-05,-0.0002118679473327636,4.9138749176922225e-06,-8.82227166212716e-18
prompt_53,,P12,18,0.0,0.0,0.0,0.0,0.0,0.0,0.0,0.0,0.0,0.0,0.0,0.0,0.0,0.0,0.0,0.0,0.0,0.0,0.0,0.0,0.0,0.0,0.0,0.0,0.0,0.0,0.0,0.0,0.0,0.0,0.0,0.0,0.0,0.0,0.0,0.0,0.0,0.0,0.0,0.0,0.0,0.0,0.0,0.0,0.0,0.0,0.0,0.0,0.0,0.0,0.0,0.0,0.0,0.0,0.0,0.0,0.0,0.0,0.0,0.0,0.0,0.0,0.0,0.0,0.0,0.0,0.0,0.0,0.0,0.0,0.0,0.0,0.0,0.0,0.0,0.0,0.0,0.0,0.0,0.0,0.0,0.0,0.0,0.0,0.0,0.0
prompt_54,turn_01,P13,17,0.3875412061071002,-0.12677598085943506,-0.0253491706417819,-0.13737830725182645,-0.03683072922741554,-0.14115157362977954,-0.0905677025148556,-0.04785042626949043,0.021481673028663537,0.07349012354559703,0.1377625896719688,0.09883651383660658,-0.03502833256515664,0.08207789283238956,0.03878281576558515,-0.075732064393773,0.14931336130940712,0.046467057280749444,-0.05817657308436865,-0.14281219086245697,-0.045510632607554585,0.05874575496772785,-0.005004945704621933,0.01622176843742025,-0.11742843008806489,0.11796837293053794,0.09445863767744941,0.07533356958001969,0.0061403088792730395,0.0755517610479433,0.17825209767340056,-0.003487236557488175,-0.13681052120852277,0.21187115990883904,0.03691620800247484,0.055998032825414365,-0.13090914408093204,-0.06876880957370331,-0.02818711572305344,0.2175978556380803,0.045806760482982684,0.06850816302745695,0.07954196525876282,-0.06558941949542123,0.01969712702479167,-0.1749673855166875,0.0023350007393695676,-0.17698537854460716,0.03411217685267418,0.05513632212706141,-0.10688450464564284,0.18357402570235654,-0.13931747001055603,-0.0857415195608827,-0.0706741205094257,-0.03212241085332711,0.06986322938666026,-0.010541533305724726,0.22496326406392944,0.11639391865052619,0.11858435886127817,-0.17134525712077917,0.17180581271159812,-0.03504655383290179,-0.1177455363164742,-0.10164255821890644,-0.06854189539987472,-0.08898825823346822,-0.23616623744908014,-0.0766345593896818,0.1088911500450304,-0.023430051484147747,-0.05647706949932183,0.00833518966709822,-0.1396818733270496,-0.08567348419070318,-0.005218680100304939,0.11104760880689318,-0.0457569085453819,-0.005908281297755859,-0.0002857726351521399,0.0003848825933451273,0.0005398127570495736,3.964809595306104e-05,0.0001350232236399887,9.885213307636562e-17
prompt_55,turn_02,P13,17,0.13821263368896955,-0.049293958993183305,-0.03196660289164241,-0.02524322666074787,0.18174666192340688,-0.12260093957422831,0.04638184413593198,0.022847130626809597,-0.1558386126543368,-0.020330857854229483,0.08022376520127279,0.31900116034475323,0.11608874854610302,-0.1231631586920408,0.04671906650770577,-0.09442638859270115,0.1881974594159566,-0.020486323974193484,0.06631038712134754,-0.03393488537356476,-0.07917538204886405,0.03776419483091166,0.048044878283158246,-0.09701377876877801,-0.21924400366820607,0.12260357444907759,-0.09728064071033955,-0.09717761738113576,0.2153516439798921,0.002585041669077994,0.09248001953407196,-0.09815534463207079,-0.16292346117635864,0.02326592619892705,0.21272553680094952,-0.014150653175503122,-0.3152615162191638,-0.2868620695192729,0.10190911934897103,0.060529935561682915,-0.036552003935124776,0.1254643194114596,0.03883809849203969,-0.018019434938972463,-0.12679614441559156,0.1053220199746113,0.01869083744742322,0.3298936850378061,0.002467464237503532,0.01426822051412336,0.09930810194125246,-0.15315711135706445,-0.03239377945296997,-0.08496237034008076,0.10236227086603701,0.032055639908840285,0.045468332963759864,0.09829052111781313,-0.013469961906830294,0.0020906182743149117,0.02927695943845401,0.011858299944367729,0.010801445232428953,0.007900510216734463,0.027300425691079287,-0.018353820183449256,0.011751088672537992,0.024367431813625988,0.10056314721291805,-0.04887987799639654,-0.05384888471575973,-0.0009218938724476189,0.005013358568578793,0.05518567085356945,0.021541124567501426,0.05086681702427762,0.02517803804650719,-0.17928926987033406,0.0038682123011475836,0.0001269126901895716,-0.0006155616285142128,5.7993777280189646e-05,7.14347242062559e-05,0.00024410889575762594,-5.5717195978651746e-05,-9.107298248878236e-18
prompt_56,turn_03,P13,17,0.3501402760538904,-0.1624238205763157,-0.052550303744631724,-0.1421892213031821,-0.017595347746444324,-0.0748236309618842,-0.3961864643792238,0.06234529213725809,0.22114585257290575,0.034096972937067385,0.39895028033054525,0.05910898912505364,0.15137820577819364,0.018678033769093806,-0.12984259406621615,-0.17510334451633872,-0.022153454790133583,-0.039674440596886636,-0.061544863067072395,-0.13983156080783257,0.032578570360414554,-0.03428885684537039,0.0019142568480733785,0.04599992939291615,-0.04754831543762294,-0.05768214082581909,-0.0018944499777430435,0.009773728083514075,-0.052612922764324804,0.04020225121796847,-0.04037201604370041,-0.028933663117913205,0.14519310706106836,-0.09604275923139963,0.08380808340050934,-0.05409753676075348,-0.002876023393178261,0.008913813143180089,-0.05120805744907761,0.02686580384790635,-0.019405733553909083,0.04761444777984957,-0.0018062699925627034,-0.005022077634953287,-0.011451893331731485,0.13937319491835343,0.04463792800609373,-0.002065329781047509,-0.07927757282875199,0.0014050196097812604,0.029364045418718676,0.111763882818665,0.05331174124629659,0.0008734769730323457,0.06112433414469322,-0.06218356398331062,-0.060556256380755236,-0.09873568201804324,-0.046136145748711284,0.03891236749509354,-0.04892976565750871,0.038956433128427594,-0.03911870414801966,0.021280633485686058,-0.03615231790202225,0.01017772000612275,-0.03820391609550235,0.018187179459723906,-0.04127964391718662,-0.0029002306137346024,-0.03368249791564356,-0.006513716844243395,0.054367802272336514,-0.03295597331787646,0.019029018477689993,-0.04761193927756424,0.026423515065925253,-0.0062114355196188804,0.44817104750171666,-0.012782092988798656,-0.0007945753556429718,0.001477647699889563,0.00032112699069045814,2.520038388637514e-05,-3.754152482815713e-05,-2.6020852139652146e-17
prompt_57,turn_04,P13,17,0.17868955499735636,-0.04259768919768428,0.036165501579513724,0.04246040142960143,0.2351434314586581,-0.04227251995219212,0.0019630722076085213,-0.04135109935576069,-0.24082108833890067,0.03289011860831824,0.15278428522632806,0.22820649514035565,-0.07161121597100761,-0.02321960398736261,-0.0750626394704279,0.061109283346948845,-0.009285236252872687,-0.05726279590677222,0.12129507219103006,-0.0884966574427229,-0.0942845518239024,-0.02465284479562738,-0.059492616382608735,0.42067948217262374,-0.16431285702980267,-0.15202904740798717,0.0717533673242721,0.0008299235552699402,0.02778148231043714,-0.17213979145878264,-0.0008963844448648624,0.08478220610147082,0.09587292207405818,-0.06381246742499865,-0.20341385180688545,-0.029343070085950718,-0.1067332445927909,0.24119170809182114,-0.10937765668303863,0.20482863918781238,0.014764962405160762,-0.07001676351264138,0.12613268041920878,-0.01000598259815155,0.010305875034346419,-0.20771940366779928,-0.03275878522362485,0.04556478188514649,-0.047375324311033265,-0.04221164980858671,-0.0476182538265615,-0.01687481106642887,0.10360238791414518,0.058373131886323384,0.007967810122289172,-0.017575945286801377,-0.12791018453722158,-0.08794313043178484,0.038052906843579454,0.01059846973030425,-0.09343473274724497,-0.04346667098154221,-0.009459154842906534,0.1368326721832071,0.09351112333554426,-0.010984450417100102,-0.04531216880204374,-0.10772691135843572,0.05210281133960174,0.05327872289229254,0.08365771598468127,0.1869482915697865,-0.03998715551181957,0.1584411770774362,0.03581771875326809,0.08138632910146591,-0.007995165421243757,-0.1332649906246911,-0.02900737200600864,0.0061844772406481,-0.003387049319801605,0.0006836094984804461,-0.00011695688392098012,-0.00024393859983945376,7.882538235183684e-05,-7.416959299337554e-17
prompt_58,turn_05,P13,17,0.12405211729220315,-0.007128718442703794,-0.05220084893407951,-0.020501321201527475,0.0018463551454064682,-0.02008514004706569,-0.055343394477262046,0.11616359283749396,0.019809145413453914,-0.06902394049544454,-0.00048575291547939503,-0.1719712848729097,-0.08112371115485655,0.05151078945153036,-0.048658051917629834,0.05294726700437768,0.2861596698023815,-0.17091473100799634,0.05447251796837104,0.2696959352179859,-0.25846344095116036,-0.06839009075903345,-0.09296742874212778,0.00342302263149336,0.04415704796215245,0.13693839440279512,-0.07839721593231098,-0.06479250648419003,0.2036294995302604,-0.16096690317397588,0.20037861750031954,0.16816054119537985,0.1164004496161616,-0.016968039737092766,-0.04060093187426491,-0.3463314074529078,-0.008541864881679313,0.1905320645388234,0.12565598479227316,-0.1838885128792049,-0.19271657601878747,0.010854980957789676,-0.1562819366840557,-0.1990522163120028,0.04494340745144214,-0.0005942343832779802,0.023566424047040107,0.09755665795191588,-0.04065383399832679,-0.03618236030893659,-0.11368699250827134,0.17546976452116755,-0.13415755499273843,-0.015671211776334782,0.1672855962237955,-0.025970383443716057,-0.06168865435765877,-0.031963633381804135,0.03887389750010722,-0.0538870283248423,0.1235867960266669,0.005925015179765057,0.06747649946693222,-0.0007434152720639267,-0.07347362050027642,0.04038887734639628,-0.005332805454241459,-0.0512259599237033,-0.013525348256927276,0.04636877709044119,0.024708671382283953,-0.08194393252777138,0.01578902023991283,0.049606898481891364,0.019523092616085452,-0.028771660014940206,0.0054232572527051735,-0.015829909800051164,0.010773274615039883,0.017890668088898495,0.0007185113815070012,0.0030702056828189523,-0.006705983986330697,0.0007531972224819923,0.0020985603921132062,-6.995814517962719e-17
prompt_59,turn_01,P14,9,0.34860599666975717,-0.18317759024984098,0.07306827549467482,-0.5761265372204315,0.12305118572274033,0.6248160360578106,0.1135297341616333,-0.05059625807345369,-0.0882189337470088,-0.07295795520666358,-0.03392834462334727,-0.05853131181168081,0.05054359497670736,0.0017521139918454242,0.015097822946452922,-0.007772047577569605,-0.05459228542552091,0.03207285499896451,0.045037768896507416,0.004403432562139224,0.03049931475678479,0.0302758877512923,-0.008207232769872752,0.0328813305414864,-0.0015639984427835588,-0.01742777613254914,0.006946228825737651,-0.0030625209187668083,0.028464395168796047,0.0042406437957831205,0.0075279892558757855,0.012260556855908841,0.016197121830488322,-0.03487616241662562,0.007371382006959988,-0.022147731729890142,-0.004287173348881171,-0.015617922958456654,0.014811711794626535,-0.024757021539132177,0.002248704717517126,0.0033168300996030964,0.05097400686224547,0.0027631835142456246,-0.017210980200109794,0.027844006092328046,-0.018426099538796946,0.04990009588661306,0.006021141511430287,0.009424095795397137,-0.017389220592282494,0.002669952352058718,0.049545542138182026,0.03783968508092517,-0.006273262441793891,-0.043412152349671454,0.0063241381703027025,-0.009493157451084235,0.027150194366948446,0.011005069550757432,0.04237510384804071,-0.02037769273105779,0.0481490306635669,-0.008279820213475918,0.002858723518482673,0.031395233997609566,0.020541577584022343,0.03089135070503751,-0.01988110686661198,-0.042441091267791636,0.04356077511947169,0.0075479618562469064,-0.019334759007437998,-0.01732681532441398,0.006778110860700555,-0.021755048935634874,0.024642441251090913,-0.011868542593819536,0.0037604746722164992,-0.002411396856286215,0.15982881068506155,-0.013400094082865379,-0.0035128582809764645,-0.0012301342042608091,-0.00026318997363517914,1.1180834903756733e-19
prompt_60,turn_02,P14,9,0.2859776008206533,-0.148689072615682,0.08555543819589129,-0.588484481600912,0.08197334652939724,0.652024224346441,0.11563473920938938,-0.09671038370320557,-0.03700907147728193,-0.05933087648194614,-0.03621672898072926,-0.06923079381305136,0.0490525048569359,-0.023472181237431458,0.0035218259848328773,-0.046703952167036954,-0.02964841255778285,0.02005684549648557,0.06450534354062112,0.006113568975980865,0.028885380450679496,0.026634448663027537,0.004017938727399286,0.01057376969995476,0.0030499990021126966,-0.007700964045782601,-0.008790225826657448,-0.029694897248826076,0.025894704508170642,0.012887927047875614,0.00387363702899166,0.0026338267472824748,0.03169309512803313,-0.028133308471228392,0.007368737435881237,-0.014275030208093878,0.015024680533439428,-0.019556873233993362,0.006688589961189157,-0.037211075286012946,-0.004517831671327251,-0.013244360210322511,0.0516047739712316,0.003515332872980329,-0.012081532757595536,0.03133428132683316,-0.030735974123502437,0.04052230194731783,0.008322463417146072,0.0189468041106609,-0.024343902391423228,-0.0007044541522926509,0.06478463964275089,0.021627778214874657,7.166117710626259e-06,-0.030396102234530948,0.0230655042811764,-0.014951461234207236,0.021674331416520542,0.022659712144397486,0.04842809303622426,-0.034382028798219805,0.06192969495128264,-0.013739027765849243,-0.005645772977578694,0.0163339183169412,0.026443150231752737,0.008166374958442194,-0.015802314872049375,-0.06295357891445155,0.06079273075861239,-0.006311221442735403,-0.026350053942607313,0.010884105604429423,0.016780322194644384,0.02227313907072523,0.024907350849493907,-0.01660797159208821,0.005275778133469002,0.011032724117833924,-0.15593482353371885,0.012513011035657731,0.0035819636102804387,0.0005315857244545559,0.00020934538215763182,2.902951316829938e-17
prompt_61,turn_01,P15,16,0.32693365821068754,-0.12721166201337697,-0.10840866786143764,-0.011036669119050362,-0.0390412600815215,0.08476655302754815,-0.03910996914213384,0.016735001759408143,0.225086197331428,0.17650245380536947,-0.0315366422705378,-0.10784414664127473,-0.08928994648004847,0.02899507281511219,0.10979599334725315,0.15410988892759384,0.0916801453027027,-0.34808652011960367,-0.10531210375334397,0.2221289268106885,-0.041292359161563784,0.0625731702172721,0.046724159556538775,0.029117885898797057,-0.03917553974896964,-0.05978550194006169,-0.08102045826055634,0.017941049061922332,-0.03617775216411525,-0.021441788243982855,-0.16504142329800847,-0.051981349060486744,-0.06147315249967518,-0.10335759870451883,0.024106166995839767,0.047349239896318285,-0.01337888823985691,0.0006357528909791127,-0.011611982082270553,0.038583040733347174,0.06127990063901251,-0.11069816627207783,-0.016665924833869465,0.24422032963409365,-0.009993507796664478,0.02980420576139908,0.062388671497776604,0.09999168191381702,0.015463485635451666,-0.027536149067682234,0.04280809682362588,-0.18677068002516878,0.07650166170416534,-0.08566878438188089,0.09648959895297042,-0.05716757649024599,0.03019394922477037,0.12448946297845176,0.07913571093956714,0.10957629462650256,-0.13176436158822233,-0.1083689597475015,0.2207575128311786,-0.06569350901457385,-0.08631634823753302,-0.0795995128223973,-0.12225238851407473,-0.11796851392387887,-0.01287636759831032,0.2965589348979182,0.00714158127690313,-0.02871264355405064,-0.03372555102975016,-0.01728404285378573,-0.059574196067041875,-0.021583517284625386,-0.211890710359087,-0.019034133909619787,0.02296325152799704,0.005294509904066042,0.001026292347593996,-0.0007253380535319103,3.500316389584148e-05,0.0009774273717073293,-0.00010999575515464318,-4.4750444669339214e-17
prompt_62,turn_02,P15,16,0.1762334784728193,-0.06425056017919771,-0.058650648509849766,-0.059211632643032294,-0.017231362272410095,-0.10205040479113606,-0.018387741523091986,-0.021433953456211085,0.1126854834610102,0.10890973846622029,0.0270665937556336,-0.1775025092790189,-0.10127369220382851,0.05839314252927043,0.046387179601156237,0.09230648124839558,0.3157071354271837,-0.33901484325966474,-0.058046889276761326,0.17119043477968146,-0.30778533104939365,-0.06557948619487151,0.05005966795040963,0.04505651098931663,-0.06707816944129323,-0.08454513168776298,-0.025909603206848285,0.3441132135603911,-0.18988919727956047,0.06219172702735135,-0.0930980561174475,0.07193465290228594,-0.028315111127406332,0.008744344026515622,0.1656603815863751,0.0995415138987579,0.04940787266117948,-0.07354754144634096,-0.04702691706020681,0.1257265503973761,-0.006359885644062057,0.08513581984220973,-0.0325143004399203,-0.004871763599095647,-0.026459078341208475,-0.010980207135617702,-0.07817529113440211,-0.010434235419331264,0.08088936629524808,-0.021579691036593202,0.029974852172946757,-0.11685048415972052,0.10036549886226909,0.15969546065868762,-0.08548340655151021,0.006671742085811082,0.006029492572274502,-0.06637122061059587,0.009663897718205104,-0.01225888308231045,0.11997426659164137,0.025391266204607053,-0.07680527083478209,0.05201532200430808,0.08286635249513156,0.0510179580965151,0.20110081747409342,0.13940065650008066,0.03335663663847334,-0.22903018678000567,0.1194256312293027,0.06386253277454233,-0.02810179717013702,-0.008514385045225968,0.0744601509134668,-0.0014816751234606456,0.09775322720258701,-0.012319608142916511,-0.0025476890970004967,0.012912395382678288,0.0003229745821612295,-0.0008266321366596676,0.0003875822210947231,0.0023828602631367287,-0.00021103777202252148,3.182133376244954e-17
prompt_63,turn_03,P15,16,0.35158864490619446,-0.1685012025366751,0.012659837585303948,-0.34453714286489523,-0.0029962012148828498,0.07877341010070323,0.13607500172352574,-0.07045840306965385,-0.0009971232188121253,0.019712671712554402,-0.07513373612882833,-0.030870996795935548,0.0003950617040839462,0.030745387384322892,0.007074556151269867,-0.04560755492289604,0.15636127623481952,-0.026148676240199554,0.01844891100353688,0.006286631708230509,-0.09866046466042232,-0.03037939464025204,-0.014913119472808534,-0.019742690748769973,-0.035198131525807,0.050331709117346815,0.09587339988208894,0.17109641718353782,-0.10498456157351087,0.06481379817354746,0.0005929510948120856,0.03726786691262868,-0.05469680175872346,0.044099112388730315,0.06234581525632869,0.0037167063263021704,-0.022735566940371717,-0.0037055870235617456,0.0665129481759348,0.12476718240136273,0.010250488847804209,0.1341617423909908,-0.05285424218395575,-0.14204804990845096,0.012342273010010818,-0.030744431338460387,-0.02248733755210579,-0.2362198415889654,0.07132652212800475,-0.1634607598266278,0.05421007092649585,0.09848580313874587,-0.14588825180565865,-0.12081046780203117,0.005173239921426516,0.22877350507117417,-0.060033248679088456,0.0854874950702401,-0.06098068634327471,-0.08483292323055062,-0.21166281496995928,0.1603601500492368,-0.26147129403878755,0.06674649532415682,0.050320518842090836,-0.10232118586300815,-0.07391086380068723,-0.15593892943536744,0.132027543509069,0.18456605844624288,-0.24926914237083697,0.03029184306833091,0.07406307077858892,0.0059897958013931454,-0.02908342748076149,-0.00716790553433102,-0.06320665071234836,-0.002263402488337113,-0.011228266199383755,-0.012472278552076799,-0.0036416127143088497,0.0012850716798106108,0.0003028121755497257,0.0006537703955908583,3.357588921411805e-05,9.14693939080972e-17
prompt_64,turn_01,P16,0,0.44658370285193183,-0.17829314458557746,-0.05462196500983911,-0.3703477940261609,-0.1823667791744959,-0.5204078116889663,0.4131652149607034,0.0023235271528758233,0.12087375267780989,0.1014456741752643,-0.14944842523780302,-0.05404327546745692,0.04361097159153631,0.017046669248943058,-0.06888073894558101,-0.012389146014893979,-0.16131885111937083,0.08376564779000922,0.07751161238914056,-0.017695554980579408,-0.05082323361778564,0.030048608019367158,-0.008730368237186613,0.05154207803602136,0.005156614513256689,-0.03928808751488584,-0.012408131442811695,-0.08531751453468382,0.007872462816002394,-0.01909844050746379,-0.02744017741013625,0.005854175999490111,0.05809223834857498,-0.03282121547724128,-0.022580006375838096,-0.0030833733515193465,0.03818413520885676,0.003791287082884013,-0.020247479332042826,-0.029366255367336547,-0.046279536442162865,-0.013218006585773495,0.039640903486270654,-0.024794281722173208,-0.018143642604426836,0.04135717589264678,0.04615835657300016,0.06266959957207419,-0.01955860021176221,0.029395068117324143,0.0035974650660982985,0.0007953538622328338,0.03577674980979215,0.016064710280757875,0.0020513312025496285,-0.014135598728835191,0.029228385342203764,0.006556649156341518,0.005769343255274129,0.010221439044288853,0.014528275887363854,-0.006383917018176728,0.02068493212195756,0.0005594272628991277,-0.012669668634147006,0.015696137618326205,0.018689877399158245,-0.0006756754967550878,-0.005743085080589381,-0.01596608434979299,0.011042077355465134,0.005634280426211877,0.003982175396721799,0.014414548984910625,0.0030622938366407127,0.017391065041451468,0.0032636512536190717,0.0022638378579011493,0.004637751391375848,-0.003259481428257657,0.0009647551002473715,-0.004776737245139418,0.0026645649126257795,0.11810174884423712,0.0011138870528442093,-5.143014649138669e-17
prompt_65,turn_02,P16,0,0.4574062984461186,-0.18691194617614537,-0.06291922208247332,-0.36595943099502315,-0.1768223597148433,-0.522672873125016,0.40406888957097514,0.005809259958318689,0.12358707811462954,0.1043009464011954,-0.16318108278605478,-0.04756765170678394,0.0354032251722192,0.011715216380290652,-0.06674062514788863,-0.01578384040219563,-0.15795243086960675,0.06157452407354093,0.07322651308114089,-0.0037349629642997044,-0.058397786727194825,0.030121306252897873,-0.01404651504482421,0.0449986175005562,0.001281475544939154,-0.038735481400404184,-0.01292416538233141,-0.07409381286489074,0.007553752286660371,-0.013696530653667759,-0.026658181612234513,0.003960818194806052,0.0577223666591039,-0.035726516753003416,-0.020716313443187338,-0.000605112348220957,0.036295415358320385,0.007959782463185969,-0.017455972509920124,-0.03157546917692215,-0.04463182972116977,-0.011706356889082682,0.033826733050825036,-0.023480764977778568,-0.02301291777857679,0.0506753068307409,0.03695361800635756,0.06393347527265938,-0.015359704424663927,0.024572725744185,0.009723734121103765,0.0027839995466255032,0.0357055276360993,0.021795152091112584,-0.004937691805135565,-0.011325499672709636,0.019870240921650528,0.00476921381796316,0.009353352165189512,0.015678206060236444,0.010562804531822682,-0.008681324660337515,0.01601120355222088,-0.00027562309231723774,-0.007458980578481884,0.01340905304063606,0.01759602744011816,0.00045647376248836877,-0.013573659635690865,-0.021723704828174886,0.009319244688525062,0.004194799086512497,-0.0018967036000825915,0.019725501735242016,0.004551888638480378,0.012864460907096883,0.003708711994058396,0.0025535436728920274,0.003706666899824383,-0.006950058259162588,-0.0007332058113700029,0.005477568296310548,-0.0025134377136640943,-0.11889844769199676,-0.0010563533893083578,-3.704879759642956e-17
prompt_66,turn_01,P17,17,0.16967180409229837,-0.07041990595549866,-0.04885702105528329,-0.07780289557301898,0.02610324942891423,-0.003873738464914417,-0.07317664364950036,0.10087268600660695,-0.015018509376458202,0.11722233889175045,-0.13027975844503234,0.3099176496270873,-0.04651228841291016,-0.38107346073747117,-0.10780276795535461,0.032888265171183456,-0.12609331598910584,-0.21181280193356025,-0.024606274580248735,0.18307451831649657,-0.07736578429992996,0.0354462072347789,0.12280993727209848,-0.29807938842548387,0.1219502011340034,0.07177673927559312,0.09479728127591389,-0.11514791706337413,-0.1917787078661721,0.04666202871325929,0.00512698582623504,-0.0321858950078731,-0.05332744925130734,0.18520228163798141,-0.14733124694420505,-0.08356205585181647,0.10448789850464216,0.09582979205972848,-0.12273976940089021,0.0741280583308888,0.0744656504524108,0.08174215996139317,-0.038612247446704426,0.052359269881562684,0.0931679338249887,0.04040180688114642,-0.03292241996252727,-0.07457982825193121,0.02448011615244926,0.1017111826431599,0.037722505917434965,0.13429960868581894,-0.030915238047094302,0.12565299331805324,-0.06616560968063083,0.018966007584645086,-0.09539596880630008,0.027609482729953415,-0.030725685930899,0.011147008189338056,0.07145376138379483,-0.03470349704988542,0.10746664674097552,-0.11564755558049297,0.136581318145602,0.05681489308589639,-0.15183559343648453,-0.04237279012300988,0.01943491733719359,-0.048649883588958706,-0.05773490280121589,0.0064451109109500485,-0.011425184387288945,0.02656073979507243,0.05812559805978202,-0.09812466658901957,0.07599670480575811,-0.24408990689927204,0.011852957164333081,-0.0027620318901080227,0.0009383419062268174,-0.0001663018634741442,0.00039836637668024715,0.0018718498778099964,0.00010644548126187398,9.47660461388112e-17
prompt_67,turn_02,P17,17,0.20576450803911148,-0.12018483714122205,0.02061213904374001,-0.07397610661813148,0.20874243891287642,-0.019869069819735536,-0.06896084600687884,0.17525206195853996,-0.22597189489900868,0.14070149290512782,-0.17276440422797748,0.43850648937445147,-0.11431587108483175,-0.4122774495335013,-0.113750379205408,-0.03166386960118129,-0.02682831424899722,-0.1321544398152985,-0.011240939005404828,0.14916199526842222,-0.02986895858850611,-0.04143814665263935,0.0789280854560616,-0.07992679303138296,0.014703212498226292,-0.031204463264352673,0.01754946386161215,0.020142440250356174,-0.04012080477158455,-0.007186822994876675,0.004795513280633527,-0.0220068076968258,0.021884515327982,0.0005351612733086947,-0.003941038475557329,-0.015596659115154524,0.002270195530563567,-0.01369275871904081,0.05480915378221643,-0.06073092155383383,0.0063241702476096225,-0.0013854850635216236,-0.008043631338652043,-0.043229107221650465,-0.027672965292506038,0.041156068147820184,0.02761913584403492,-0.011661414074478505,-0.021276029142218152,0.009539311160309722,-0.02001254898086106,-0.011185416870133177,0.08108131001390706,-0.04572213689771413,0.07338093798499014,-0.06451617722165318,-0.01395833485713221,-0.07896324626146517,-0.0004917418477464328,-0.05461378632871866,-0.08134166107673448,0.032150030166539514,-0.11532575293648283,0.10534379003526864,-0.09644816793269634,-0.009871578140767251,0.12978326917459204,0.09060794217668715,-0.08021368319955907,0.05723414503372707,0.10784950390572753,-0.022988987874216125,0.02929195024330507,-0.01203007021644799,-0.06706870607559826,0.11576634338884167,-0.08477700449134436,0.3893904678749345,-0.0017510787576935217,0.017376841456071677,-0.0011390664512180451,0.0001384981048323599,-0.0004124502424128241,0.0012362658714417847,2.8892730587893284e-05,-3.364076053315178e-17
prompt_68,turn_01,P18,14,0.24857181329823794,-0.11781934865379474,-0.07416589308029818,-0.037923855725030826,-0.0008008261197244867,0.039881517896218924,-0.14580963433571895,0.07646286257132465,-0.094816592390311,0.09486404156948214,-0.012676172630447948,-0.020195303669474363,-0.18606065440808336,0.03148636782448746,-0.03371373690085272,0.05556832069020326,0.1266185936915915,0.11230431909003408,0.029806583616896733,-0.07527491456738031,0.1283652590621438,-0.13705580709903079,-0.026484783947813364,-0.12249430113259878,0.05130964616256199,0.1441105460336616,-0.29915641143943716,-0.14467694404746528,0.013506932357254057,0.15360872160022615,-0.13167591450631305,-0.029792667481767655,0.02965148286277731,-0.009681341570958964,-0.037061655622061936,0.0806980453566473,0.00872300147632516,0.26295629528759035,-0.3073782697194263,0.03228970426277083,-0.25436805950991237,0.15376689382247113,-0.10433325333267758,-0.20040565732459154,-0.062279314954524226,-0.1555595555006197,-0.03902029282523225,0.08227250041875864,-0.04504617058784708,0.058762244834457716,0.013713189687436012,-0.11137458169135676,-0.0024234966245839356,0.029537085930045295,-0.12209318887612255,-0.17666219383324713,0.06662146530132203,0.18451593602703964,0.13449644911655156,0.18051950991981094,-0.1159619399108325,0.07278190147042997,-0.0965646003861376,-0.09238509827087905,-0.01578244702649625,-0.11639437657444417,0.0400261164402925,0.05786105063370086,0.07244610135341847,-0.023843120733934423,-0.03145857722366277,0.030022858392729345,0.021223079031896953,-0.02822117917863712,0.006109986557946839,0.013831670633521328,0.004363915257707288,0.006089331198724373,-0.009344430036205146,0.005098720838527099,0.00022406205640114913,-0.00037833353305097344,0.0002252045506375623,-3.057608299145739e-05,-0.00018371002871786014,6.731879051598282e-17
prompt_69,turn_02,P18,14,0.06272465751943615,-0.046720821494246986,-0.06378921606284099,0.11752399233197602,-0.09220400145726178,0.15552667166436274,0.11651671545182707,0.001370406445185177,0.025100144280885084,0.03760895994824817,0.010630034860432666,0.06038397220033473,0.20670827108925768,-0.015224919655708645,-0.1287182221807826,-0.006376567525839264,-0.035981225967248766,0.040655884548898395,-0.1688435223987117,-0.005052716143454264,-0.22247043284164417,-0.24376109660946943,-0.018989669339154868,0.020525400978880785,0.03100073701678409,0.0342037341832055,0.0888614076879523,-0.07098759613258694,0.04232472632519672,0.008504389791058765,0.08657503182612822,0.33136350324456354,-0.048218597131809454,0.0038400393868714563,0.027555445972087353,0.5504752141649116,-0.039410886340504485,0.08704793115194968,0.15773715743003539,0.005643093751463879,-0.19493704770968043,-4.1298891409602217e-07,-0.1669407710773209,0.1370571727379318,0.17147571902125056,-0.019614886724766762,-0.03812396387214725,0.11020437995796749,-0.014142239611201105,0.24913775938508848,0.09314778375326604,0.12134539246043477,0.0724180601095988,-0.08943655518510012,0.0341500955510272,-0.026660957224612338,-0.002164604058072915,0.013127368403797895,-0.009922515375955324,0.009159638047391871,-0.060645368839252006,0.003141517146808228,0.0012970538011565038,0.03441570841863761,0.012279413104875113,0.02980207986204331,-0.003554665109702586,-0.04847503358856329,-0.010037512977069446,0.050187296795393625,0.0011254378181317682,-0.018048662140064425,0.02248561439816893,0.014351555690926986,-0.0007806157459321453,-0.01131873683298363,0.0859950774766289,0.011719913261610464,3.398945285003075e-05,0.0022800472069900313,0.0006956565623535631,0.00044926524097439063,0.00011341936176736424,-7.517671633535422e-05,3.459568323431829e-05,-1.0668549377257359e-16
prompt_70,turn_01,P19,15,0.32026385224449516,-0.09639564012737192,-0.09956734086984581,0.06393663897914739,-0.06744310681535995,0.008146425152863967,-0.13683462516792397,0.003462949600393986,-0.09551750396587416,0.04529267190420928,-0.012225296299937492,-0.10545918106149013,-0.14971301883019258,0.1157966912356733,-0.10319611232594035,0.10477257407450341,-0.02299426707121157,-0.11849667018857127,0.05255018013657065,-0.09068972546833344,0.044852079705844615,0.06227366607856021,0.04831981680209219,-0.03399323371915004,-0.037503782227481276,0.09567103492346671,0.2542426157160958,-0.01419519207959721,-0.018173054906459114,0.09933681434295433,0.08607598712998162,0.03055359661789456,-0.07754673541588575,-0.104774274600748,-0.2151676762279259,-0.09645779650195646,-0.09467264392288718,-0.015929646258400338,0.2812797352991728,-0.024757606332348855,0.049533974155082754,0.12446557390052143,0.044032940341125405,0.23916272070539651,-0.031816718713124824,-0.10890657320534469,0.2819148074674843,0.08962313782008433,-0.10431323970937255,0.1217346278220778,-0.23501350628803444,0.08866130947633198,0.11179342465294383,0.14128711748218448,-0.081787930042385,0.13423252757610565,0.21954502676954027,0.015570965495408326,0.11131989559277324,0.06777283177387619,-0.028521151125013394,0.19278321861136527,-0.06849410240695494,-0.08600837314437701,0.014906114582908853,-0.031530565942392605,0.04341476518998629,0.09843416401795901,0.06452180284197558,0.008352873010910915,-0.04788086112571534,0.015048298600178195,0.08219936772248243,-0.06382452822460027,0.04940189338068536,0.09008262943159928,0.014858012837261587,-0.009834844370247285,0.008928388350858761,0.014694354100795162,-0.003392404906699571,-0.0005951167622202955,0.00020624650142459335,-0.0006076742770653495,-0.00022408800855159056,1.882318967035874e-17
prompt_71,turn_02,P19,15,0.1845357034527071,-0.07419300541030593,-0.06302473966388968,0.16730399770156124,-0.12955382791539777,0.06855065039626738,0.1442520409994887,-0.005250401276640858,-0.09003173766345293,-0.00600939345292783,0.17340494732388695,-0.09276340031215952,0.026426200116220818,-0.11291374714596691,-0.1777878906298294,0.01941466186735332,-0.004569107561816777,0.10007967103244562,-0.12374355233068321,0.2274353631240717,-0.09889157227369147,-0.2388444724714737,0.0030820827069599007,0.08433254541334408,-0.0370537285743336,0.1630865028104923,-0.024015650932850397,-0.17971909990077314,0.053131247498936676,0.09512716904478197,-0.01592945001260379,-0.23361493642709627,-0.04910924314964783,0.02795118105584189,0.029775258174711175,0.10392229349057848,0.034799168973501875,-0.07610859761126443,-0.0032656749034253,-0.04037561406460938,-0.025085027434015247,0.034848144649737935,0.30427351411187753,0.1468208494675274,0.15689761395721738,-0.025528663693543535,-0.07971713403525395,-0.07414646877509376,-0.16989855580264349,-0.4169739893437888,-0.002351334085636937,0.023134235561634818,-0.037543953311845235,0.2353945239018932,0.10929246963799558,-0.04970124559530931,0.01997209733886081,0.0019440311044392347,0.09253311259315496,-0.03758192980769128,0.010391377315237024,0.017851777360097163,-0.06954408840251236,-0.11152945065717676,-0.006522751298664773,-0.002753439048087831,0.09870236622314445,-0.06320938773050164,-0.10578706713992436,0.020697828936386595,-0.059687346204209804,-0.02108291602753074,-0.03754443052759601,0.04931004368033771,0.024151784768670456,0.03526924673557566,0.031581051461800506,0.0007460419145590768,0.006491519402762204,0.00011449995057590003,0.000823886249424837,9.938499570707623e-05,0.0004666299933334217,2.5508544117360604e-08,5.3291642569446194e-05,-6.109479241955815e-17
prompt_72,turn_03,P19,15,0.12553460881149178,-0.04845311111947982,-0.04341355946173411,0.03420849144251582,0.13393590292485877,0.01112216990189497,-0.1167572320961066,0.4382502433089567,-0.02488154710378475,-0.148820037595057,-0.11859562842770804,-0.2582418599413107,-0.05999175485530512,0.04852207871042103,-0.13896571992226125,0.21261121649700992,-0.09079840617034379,-0.01193923224647426,0.14464809869129194,-0.1124589846077856,-0.12710067622119883,-0.0039412346552504035,-0.07859403926493243,-0.05761075416636399,-0.01601391143268672,0.11648024239230868,-0.06346239653076778,-0.09186103836601717,0.07879053573275573,-0.11891245795403194,0.10725941097590234,0.03621867821131789,0.06234668891039428,0.10314911184622685,0.12392255773485839,0.01902575693519127,-0.05163974625328768,-0.10488748112215046,-0.09523862021807428,0.1040803809664513,-0.04821654305054058,0.018575485689031345,0.10975920481413107,0.03222555617383428,0.16262241349356882,0.10993638486894267,-0.0056461462006392816,-0.056022054096251966,0.06324954357692834,0.07812351628224866,-0.1293950523354804,-0.13968711995320482,0.030915354001283434,0.06670864228047889,-0.060982430128538906,0.19416600667782663,-0.13191249683466014,0.1030367966446782,-0.048590197813536934,-0.12410674523071091,-0.1942399330561557,-0.16126486762539138,0.04671949438171975,-0.07009845406072833,0.0887835242682782,0.09436551744128677,-0.04087695939733694,-0.033855462727094554,-0.00906182948258452,-0.09424310158519102,0.015264055488486816,0.11751721558695728,0.0029110689519117145,-0.1293837871704606,-0.199907451742348,0.11827588189358064,-0.003597965035865257,0.0633638485214129,0.07400307525439188,0.010813295766629611,-0.002738366711282906,-0.0004409195439435148,0.0005869435279255494,-0.00021748528077476396,-0.00025208291932592505,2.2768245622195587e-17
prompt_73,turn_01,P20,18,0.23575487699200853,-0.0033731023181086104,-0.16670727595742493,0.11641256204458449,-0.14041361411610231,0.11687392377666184,-0.11030276760829547,-0.11570467518975179,-0.01124856198283315,0.3401638905462461,-0.13181186555461658,-0.00034578201313848703,-0.053258135857290216,0.1465746103342844,0.1419704108749091,0.07948699820466178,0.014074829585695406,-0.06608762849953159,-0.02010355991936939,0.03974865435192663,0.10993518770607964,0.3151929541432784,0.039703781924783486,-0.026747975626016128,-0.03019477855810376,-0.19375131107054117,-0.005337471318647753,-0.11787878716862552,0.1358379960422457,-0.17328804916538074,0.12596123416076468,-0.014901384391904634,-0.004682462835668761,0.13758530363003887,0.09481596654051921,0.04287394751313065,0.006676610679163725,-0.11568361951811566,-0.10661489804469157,0.01064910682815668,-0.07389604383383673,0.0691988438732862,0.07870439446648297,-0.048056425623496254,0.06172157779704708,-0.033574597330476096,-0.09638734582563808,-0.04689149119442739,-0.11891344142350974,0.07073017865583597,0.01828831433641476,0.1306404898194369,0.062394772817072855,-0.04436052267774081,0.056512677311527364,-0.13556250945425008,0.047083344277421633,-0.006820698403905982,-0.0696585872583934,0.014722575125317064,0.001025930946028087,-0.02541529253448701,-0.2062619804863833,-0.04279425260514069,-0.006587337631236976,0.2646627148034336,0.11359180291434634,-0.1975097883966389,-0.09247268195086374,-0.0262489147342252,-0.02669552514291777,0.06258428701486572,0.20525261498291067,-0.07136459317730069,0.1366053965341872,0.06602558509974721,-0.09239307029252088,-0.04085251400886186,-0.01832491117337505,-0.007477709365673828,0.0006503520450887516,-0.000399564887007192,0.0005490741546214376,-0.0004550549610985405,-9.588937228367431e-05,-1.7889335846010848e-17
prompt_74,turn_02,P20,18,0.22212714605458359,-0.08881294414003782,-0.14082544271588737,0.22586664147458374,-0.17245622199815322,0.1489802207621278,-0.035510915966114484,-0.11676046782256448,-0.08332835980887497,0.36506278356419086,-0.15396412500092976,-0.019598100119006888,0.08279056320254527,0.11539470273476303,0.0009550515549629041,0.003140019172332273,-0.08835769060082019,-0.017260992755027096,0.05918446520617335,0.035712227834783464,0.07948417913241883,0.1550579716073091,-0.02957111163978983,-0.0914756298520183,-0.042527126307811476,-0.24716113310363744,0.023479155152131927,-0.10272486301308267,0.1639260874289089,-0.07403931391981276,0.14994367800354522,0.05269672790873809,0.03256361920047125,0.024556989847574793,0.12333941088963418,0.037455971870351615,-0.036649209348999054,0.04729486029152769,-0.07060893775500617,0.14397516614887634,-0.06218895493738092,0.045823216161228995,-0.08629072868727386,-0.016016507537970036,-0.025360685468471502,0.11315377843760992,0.12047231412715681,-0.0553556458321872,-0.010952833838263992,-0.1366991204152256,-0.02692710436844697,0.06936604885212948,0.01108725062615011,0.061531364984052185,0.09759881079861027,0.022554732068402573,-0.11268329971169949,-0.05743546206936543,-0.02910439941127687,-0.08903910070822134,-0.01343063213215376,0.09458520392245683,0.04554043978280369,-0.06124804701045348,0.07348476922546564,-0.283005436948815,0.024555823232669482,0.19720868854304255,0.06427434230604831,0.013031361031799676,-0.0017505337872289663,0.003491317651262689,-0.3462695560882351,0.003313955464048978,-0.06437576960647845,-0.05903403740831593,0.09227572448809974,0.02912329693702519,-0.00014345630639192074,0.004329156095047319,-0.0017079241671660267,-0.0003191759376517897,-5.9238299908534575e-05,0.0007622830106517784,0.00014853578298905994,-4.7000164177246667e-17
prompt_75,turn_03,P20,18,0.16715761507778557,-0.10675239731164572,-0.11468554351854332,0.2805216393480103,-0.20385111526282507,0.20269203203494912,0.1171792441884882,-0.07173919642413518,-0.13916717725889555,0.1673040565657029,0.04515160307948162,-0.049950154026337165,0.11573523940812036,-0.02362942133386364,-0.11053487391972369,-0.11840647346210677,-0.13547499842598648,0.11587297287248685,-0.04727980030340293,0.13372900735192425,-0.20442142196426893,0.12930259304060737,-0.06360933740114949,0.04810443946376227,0.018559578544314715,0.019973297985634363,0.0075438356556662605,0.09986381477896726,0.03531851685144829,-0.035296560500317584,0.048793558925092136,-0.20110212502773323,0.11108636695013112,-0.024834562556980584,0.131458693806279,-0.14002284407452328,-0.05467467064937711,0.01618880778429334,-0.11862012631278863,0.05014133540119219,0.040423933048688195,0.027829299444412255,-0.05992341364446326,-0.0428723777716207,0.15897814551417494,-0.027845739938876433,0.11353419793063212,-0.02149263230683482,0.015376515546315857,0.08228687698775576,0.09195782271825555,-0.1615900964283597,-0.037606151603309275,0.05347571284671652,-0.17091829944360465,0.0865326910594583,0.0282187130360082,0.14628734362031026,0.12614256616595765,0.025022838438200225,-0.028904244017846414,0.17643407219886767,0.04580102315845206,0.2881831859990138,-0.13249389063591577,0.15207761487420957,-0.23235324551756137,0.09619505958371409,-0.02919069002488372,0.01715404016898324,0.10531981902578846,-0.0976089085694841,0.12193789857166752,0.03545329295007238,0.019348411292480282,-0.011551582779103894,0.06666578957655528,0.016141386145860546,-0.0035910629380122867,3.889663688799478e-05,-0.0019836523827525938,0.0008468858316920354,-0.00019176486712250057,-0.00018625558736079008,-6.388216862615141e-05,7.640914810591592e-17
prompt_76,turn_04,P20,18,0.1610129093084626,-0.1094243537238122,-0.17788934343439286,0.2711282721262975,-0.16368500701276703,0.17853094470979974,0.03074632401162363,-0.024603314185075713,-0.16612642887658585,0.23869209268136352,-0.030355147834435176,-0.05727119016030235,0.10901277185517036,0.10788298985392178,-0.1380778394292568,-0.14374122942826575,-0.08055140388324568,0.07623264491813266,-0.04650432806673186,-0.016459813702028706,-0.1379510228500973,-0.093275723157407,0.01543884222510148,-0.0188117474425768,0.055128384631034644,0.20901881224636878,-0.09824709408855908,0.11488037635949644,-0.062329457594496915,-0.03258689628438305,-0.17400748324135595,-0.07926728949977671,-0.025651148687711033,-0.09500812645480318,-0.08039416991408453,-0.1781848662881648,0.001699740292116813,-0.03092577108373306,-0.09459804134535946,-0.0360979135781735,-0.03238333651646313,0.13016801552906399,0.06604465608187628,0.08703248928290047,-0.13120799921393542,0.09667445168012515,0.10726599390156007,0.06171633747265468,0.10219842638851968,0.06661389627194501,-0.05936745775034886,0.10858136410852047,0.054760284953383136,-0.1292655564035307,-0.03219557975793203,-0.039344595094650804,0.12381287354102669,-0.10789935047135532,-0.1250176774926484,-0.052589372938893764,0.08067912157895187,-0.3226737765350731,-0.07067479115901845,0.056726452061981375,0.14404551764899418,-0.06482837570758111,0.07005041417969156,-0.18446011046530478,0.18739060291134224,-0.02888323565772309,0.010949861812577994,0.04798707384076521,0.031674787589891285,0.11749685106684325,-0.09856778796691745,-0.10147554564720061,-0.015038971158497018,0.07305743089043712,-0.01749237297976707,0.0009219708051881914,0.0018991582337356708,0.00045164684361359705,7.167387601852512e-05,-0.00018763897559718435,2.4043187195461047e-05,7.462021452131479e-17
prompt_77,turn_01,P21,12,0.3356798727408198,-0.11137300038925631,-0.11159601435528789,0.12084418222668027,-0.09423036774854415,0.024194226840684115,-0.19612190431909654,-0.03129766506139161,-0.13927892438547396,0.23099451428972764,-0.07654620211552428,0.11462623381051512,-0.15590209665421947,0.07215339217343453,-0.08988364485103653,0.0013183877518670938,-0.011947706505431196,0.06563195147143361,0.07382822685003705,-0.10678558768817487,0.07634162559085049,-0.028945487476597614,-0.004168269810075682,0.00011680163069171165,0.07684069767812124,-0.029321887217731126,0.12460151250275225,0.06676251320922087,-0.05508894344052629,0.04253048298749793,0.027886046502001886,0.09470391641570103,0.12042125680659761,-0.03960012062012857,0.005207412802479938,0.04313176861053229,0.1605870235904184,-0.02145065786457906,0.1318738101171148,-0.25910335751604374,-0.05636589768946247,-0.05118007370382489,0.12666106846482778,-0.025323951416443,-0.10687152973601882,-0.07909162226270178,-0.13476741289306277,0.018622223179064794,0.11901792097683267,-0.0822213712685027,0.13179549199651966,-0.1777054286647231,-0.06883812088050764,-0.03812444831554886,0.1366719822825733,0.1518768053528218,-0.11321032188363006,0.08173208819450871,0.08260160829901836,0.12250310299851831,0.08707352095313656,0.13351028298041046,0.2613088876686625,0.11888167278334308,0.16138890647136986,-0.0333173572579524,0.1046684328609482,-0.22357785984975548,-0.013130367402576535,-0.16197063315283022,-0.061648013664868086,-0.09644735817794738,0.045664265856012604,-0.059404821354383464,-0.08797450697481969,0.051131981803598785,0.02160098356605386,-0.016577171298806287,0.03902976309021868,-0.008515422843844817,0.0021021897521050228,-0.00041210244606760074,1.6717817052368328e-05,0.00046631829698725674,1.5383816063141556e-05,-1.162070440722184e-16
prompt_78,turn_02,P21,12,0.19949294315732274,-0.09483038612721208,-0.06574444149839032,0.022993252502726012,-0.006894327056805625,0.013084492775220717,-0.16886929674149925,0.09642775390423558,-0.17043831194900463,0.24930160039919358,-0.11027038187570165,0.029788477505532644,-0.18434718762924288,0.14280793684526435,-0.10608902116635142,0.003321074897038537,0.08856224886254802,0.08347644532205821,0.37192531925026684,-0.2941849647338434,-0.012767857293433856,-0.2040684150311872,-0.0926374179429776,0.08621229513486164,0.13245134741489076,0.12166594248028116,-0.08049088212920442,0.029722984645385735,-0.12499765207698227,-0.00030916908617789607,-0.10986600861709518,0.0769358861626882,-0.027410148983713495,0.012663992851816595,0.07149081333238715,0.045694426779723525,0.10387301448022652,-0.2210849597963452,0.0929789227241281,-0.030997972655961062,0.1106175727721563,0.05971249345877856,0.005077696443349366,0.010708576029518342,0.021326915271753073,0.11901926233251957,-0.0014466951822244272,0.023404728896308603,0.03741777746283995,0.011800375274432912,0.05566104241985444,0.03595208463662732,-0.058664127272256616,0.07391465098642644,-0.02245994948855488,-0.05955010092290373,-0.1219707312934661,-0.06445768614190499,-0.06049478777322798,-0.09709306495189185,-0.00996324308181205,-0.004673555904855778,-0.00701301895795964,-0.041906077536109435,-0.20542862632832826,0.06097825720502092,-0.039033504444893986,0.09729444506414249,-0.14613121864585574,0.23090212744411,0.10885716229845298,-0.02054822027170196,-0.04035089049162258,0.04743946294840905,0.1781230304996035,-0.08843594982155228,-0.013635978136247342,-0.11445488508605918,-0.0742419615322226,0.009601616778735946,-0.002831735243306987,0.0005891184423509321,-0.0006881040075060076,3.8988550031154364e-05,-0.00010456086157262031,-1.8153610125554162e-17
prompt_79,turn_01,P22,12,0.3449676382437789,-0.07759570368889983,-0.10152124519321011,0.08587495706894924,0.11030046585701349,-0.0920056503487054,-0.08794669779213027,-0.1978329789191378,-0.04440552669216266,-0.14568165083277995,-0.22639312269190867,0.044495523564006004,-0.040947563129546755,0.0903075723073783,0.037674800764324175,0.01653148814628094,0.14673486524055665,0.04812390888671802,-0.12396142168133954,0.04716536234240235,0.0697161373823314,0.0416462494199443,-0.10003292786615202,0.028583205492509596,-0.04509398783184511,-0.0804317048872679,0.06757415533982396,0.04855371990402549,0.1370002844431149,0.07959886229838899,0.07050340247963714,-0.07504259936770237,0.012339813299680966,-0.14968717053078542,0.002274631124141247,-0.06038226071625113,-0.008944682192848545,0.06244233462515934,0.19582024588842725,-0.20424786471217332,0.027062854153443564,0.06720017251516847,-0.030587074867708664,0.06442488311655459,0.1549253829205929,0.27920138463433597,-0.15062723776837336,0.04267473232040453,0.10790986848341837,0.015758746265572946,0.10026759033770205,-0.03358688616630164,-0.005904142106684353,0.0951888145868048,-0.18749645902439896,-0.0967653512369524,-0.11479658386482613,-0.09345089656036176,0.0956559384911912,0.16121769499062108,-0.15064045089922481,-0.12304524595876173,-0.11987719052493719,-0.07954361612717478,0.10833021326237055,-0.06884026172919888,-0.1995188617796743,0.0355071480036553,-0.13053911008759955,-0.12276643333591677,-0.08120525926436672,0.13440162784227935,0.034255058261969326,0.15863334460112224,0.019713084062683277,-0.07358157935949694,-0.006538957171440921,0.07147584953918382,-0.028075733902467818,0.010540303818312273,-0.003334670868231468,0.00020500436610187527,-0.00011232878629474187,0.0030482366652545005,-6.611958275911413e-05,-2.0556219080440966e-17
prompt_80,turn_02,P22,12,0.3451033186069384,-0.07423364353700597,-0.0814282270953433,0.029680981254118402,0.09648079523624563,-0.10325063530527846,-0.031613232194174584,-0.22917085954922842,-0.0033158066153341523,-0.27784951341942493,-0.20028676428814124,0.11018981035296019,-0.07013940350001743,0.04944425173262081,-0.04148404852114911,0.04274201459044711,0.04757620985669231,0.10310531524993943,-0.11828899033913487,-0.11057429201609383,0.07224989265556891,-0.0032570337561007457,-0.1283673622999537,-0.05549229749725435,0.041048482751240116,-0.024026493839872057,0.10246908207672989,0.1137928098860179,-0.02093236606289512,0.048363663146248924,0.07733367026630977,-0.1238799879513651,-0.0243911503238977,0.03370700149496489,-0.038660263478403616,-0.050915018287156055,-0.02695337789855149,0.16710116964338836,-0.051299970722755335,0.07268930287576379,-0.050072011733957804,0.10933120346276536,-0.03922790928017782,0.21671248857901737,0.1556031136474963,0.22461447960394212,-0.16017656480696768,-0.08780586096091823,-0.13672379172690702,0.007531332121934435,-0.06244506961964345,-0.04534506465521523,-0.060987020202924805,-0.037027166429354524,0.10855170500994663,-0.025002425730251854,-0.011723151837035385,0.059717699158196566,0.022719493216542947,-0.07383181039730116,0.004876195991297241,-0.06271098242141207,0.007836005565146034,0.1345473908698489,-0.18860695063692715,-0.04098690977692612,0.1889429653743118,-0.07033315374324205,0.25138515648947446,0.02131226926483945,0.24135364746263194,-0.10746850112087918,-0.018732003691118566,-0.16755273067709645,0.03095607803418691,0.0001323409059754732,-0.005756081258177002,-0.10946394714552501,0.013069331921091118,0.002349184494743395,-0.00039464663714354606,-0.0005586524171869688,-8.685058331781968e-05,-0.0003700507595692575,-0.00012714381658095246,1.807229496261775e-17
prompt_81,turn_01,P23,18,0.40371418231208056,-0.11966779740934698,-0.121242883734886,0.01135281865486618,-0.011171475793237913,-0.04470225379001884,-0.04245761859706232,-0.22317577509443812,0.03589406342031667,-0.25498936020645735,-0.07842122699708234,0.05941772640427688,-0.014006175270801046,0.04428005119229298,0.025624869327743535,-0.03322307025748528,0.1152060552076727,0.013834252366224284,-0.05620260948181209,-0.10507697108392962,0.003494098652696987,-0.05399092591480962,-0.022570423391683078,-0.1204910809396153,0.007665540324001468,0.07672080771517367,-0.13892456684852586,0.023690902821688033,0.030881010330910966,0.030771403058914917,0.03274520675873161,-0.02026605362572213,-0.03644934936662684,0.07022571711688497,0.051859466231317146,-0.06279347962286774,0.05496633879258511,-0.06242031853833597,-0.12521915082555063,-0.05484342198357877,-0.035685027208264275,-0.024433706668482744,-0.12152335804260521,0.08951539076388497,0.03572061799315409,-0.12429443984186746,-0.05694186571098642,0.03284560980970657,-0.2434943878073055,0.05691152547851103,-0.10993500422052614,-0.12444052162637038,0.1653173175453507,-0.014248287165375675,-0.18815911352335976,0.015736950037205866,0.045303876331185954,-0.11803645038630435,-0.21406676914816863,-0.16060302086639766,0.15426638109317656,0.2119153259376567,0.04947495978121607,0.09868758902011412,0.245227933219099,0.01389223616380499,-0.061623865632707414,-0.11968904701137006,-0.22169514603508855,0.15323367445701958,-0.017074708700407455,-0.023952776713430098,-0.1560252356850085,0.07360089151522597,-0.05519488234774127,0.061759329012110946,-0.06308103911778905,0.026441862612429968,0.012903925543218507,0.00492866705006326,0.0019453394699863048,0.00027711255018537137,-0.0011126052908459966,5.216948242509551e-05,0.00018561181150632348,-7.605932349869978e-18
prompt_82,turn_02,P23,18,0.24665520114812275,-0.06541405301270656,-0.1506689128516543,0.2059008352417752,-0.023398146856669032,0.023855519964439468,-0.03248363713449161,-0.2694909550363583,0.0059513995902109535,-0.2597858740239215,-0.12403839023788582,0.057826738309618896,0.04907426675839818,-0.07962040627327269,-0.041615462121352115,0.00032587462859983763,-0.05241690514927363,-0.1787054772075424,0.0538669025056505,-0.0717961438722305,-0.13311191244395537,-0.07939623979002891,-0.12141057581418445,0.062266115325359514,0.06883134634880497,-0.02352984285633679,-0.045944919617844936,-0.15864568332076706,0.07178596832097899,-0.16852040394353945,-0.07750740915806703,0.13170379456844072,0.0019224470515992894,-0.07894141664241233,-0.05556815730380564,-0.04965453450024909,-0.020094479609480687,-0.024749708176546505,0.0195608936892926,0.13600385598950473,0.06351796823100851,0.029405967288055584,-0.0008993362750282279,-0.0831361952244035,-0.35448776884609323,0.0006790604580588536,-0.13007583960167818,-0.08590202130851428,-0.04249747535247148,-0.14363252519068248,0.17247708796167768,0.07596594568754705,0.16516006738453343,-0.01235853487729359,-0.09780232019236139,0.17778492770619825,0.12988374476217474,0.032779503339261155,0.014874980142460059,0.10506576731154983,-0.1320268834950059,-0.05151182688007823,-0.06017827580921828,-0.1669716367529006,-0.024697913687736744,0.13406819356061006,-0.049868350696101155,-0.0003163467184687864,-0.04535025226854646,-0.046878210434497726,0.08742523850948491,-0.26427403551951456,-0.027061507910153416,-0.08768549421892712,-0.03990692260277878,-0.05953886335281916,0.07360769983319154,0.026977343586007313,-0.0038290153076006666,-0.007838382591124512,0.0003952440994513977,-0.0013835123559494751,-0.00017982250632530726,0.001157909111169092,-0.0001464063447441532,4.560425388017149e-17
prompt_83,turn_03,P23,18,0.2642227456823336,-0.05683638605916065,-0.188660219461296,0.2073686372877703,-0.12003825049107757,0.06663751098012709,-0.05378466591944593,-0.26820383994458086,0.03452970922698293,-0.37274026460757,-0.23949279531645362,0.05279853415635821,0.06843361681336288,-0.026853290313466636,-0.06380924281039506,-0.07387330502348403,-0.11609817906457157,-0.12998732018014256,0.03000608912029255,-0.02130245245602935,-0.02603855891026711,-0.03027656535968522,-0.042690818386543636,-0.01756689731906228,0.04086810022883976,-0.03068905111753734,-0.037576602113690134,0.011003954122203854,-0.10625882787804528,-0.013964123295348851,-0.08669880904150754,0.012948091210231365,0.027616155228424383,0.01104097941038224,0.1065861321542315,0.044825267706284824,-0.07805735518557017,-0.041943488865512316,-0.09163500050061359,0.02776015772356615,-0.017190258768103327,-0.018774473955843623,0.057249850285625674,-0.09790491693443268,-0.03468983652438368,-0.041315829930836705,0.07433898279183707,-0.05979298161309222,-0.025262732980133186,0.021452002741808276,-0.12753395924385247,-0.01942211402932737,-0.048249231462330025,-0.11734935483196765,0.07453616107705277,0.010782253129731068,-0.08219812867080172,-0.03912738804397154,0.12977518406929153,-0.05530905982241487,0.008545866352576354,0.044292592374605436,0.2770892741958575,-0.10193682271966059,-0.14292996940696165,0.07408488235760187,0.1712160307804603,0.11322173150999486,0.046897469377151606,0.023328404819465007,-0.22411119652353997,0.2772133894703183,0.15321863660703983,0.1771568166781143,0.09157062184285673,-0.03727891725770619,0.03254376911976811,0.05830565600683177,0.006664835985153806,-0.0009250506710948297,0.00027928998785477736,0.0006671220080015182,0.0007280385406744299,-0.00021307552587152242,2.782843663530517e-05,6.451002926288761e-18
prompt_84,turn_04,P23,18,0.2050612423195354,0.015197504994264043,-0.1261471923948279,0.1261756983091643,-0.025162665716479894,-0.010975664841139961,-0.06501511354297695,-0.21602599943344403,0.0043508784156230705,-0.41552210979616777,-0.15108290467370664,0.026017136004459616,-0.03568606344155963,-0.024162248682383827,-0.030859157672286357,-0.04883480636229649,-0.07799981951430607,-0.14726933729229907,0.1808948468948913,-0.010335684988677462,-0.0014597076234214973,0.06622426801509887,0.135550840145743,0.030286197426947273,-0.07705649395912421,0.010499906933805304,-0.004882805105818404,0.005754033227367335,-0.0701463187140927,0.024339516283864167,-0.12857941518199667,0.031546957620956564,0.02836397665748849,-0.0814454803426551,0.18976651107867587,0.11224406401012335,0.0890056424075838,-0.10309855343038432,-0.03590446321584934,-0.10377115974982232,-0.014266570154062973,-0.03016010104397566,0.11292505242547116,-0.1300053971774038,0.15925918528242244,-0.15576296299797,0.28711250244194414,0.02400749523691007,0.12845797824094685,0.04250309972052987,-0.00711349505734506,0.1317905839650977,-0.022777020329768343,0.11785040575252374,0.2010187972914349,-0.19982440722015538,-0.06451665387529218,0.10901770000916566,0.010725547155649247,0.04401524556321833,0.10013842015066919,-0.07306719935676426,-0.20452210712974223,0.08326343567171723,0.09415484391919436,-0.11525831404803163,-0.17310505993945716,-0.024271176245586046,0.026346934135767802,-0.011076865108646887,0.09695087127204455,-0.09723669712732633,-0.01931114193831021,-0.11365604711265691,-0.06603820665212903,0.06315072371722653,-0.0161909202838418,-0.04777866261855359,-0.010450951513299668,-0.0023869155037472565,0.0005754043055572463,0.0004329983843867555,-0.000123209324920537,-0.0002770694693911638,0.00012521049016014533,-9.827615067223318e-17
prompt_85,turn_01,P26,17,0.2506729023026802,-0.10243217579174414,-0.12175889539723277,0.08572430181719175,0.04043286680645899,-0.03261657058772666,-0.05962911951096566,-0.07159543553245633,0.024043365991758985,0.10400000584417789,-0.13408263246472935,-0.08307214431230561,0.054461776116407415,0.09721076102165256,-0.05602747598303854,0.06715935484618868,0.1490625602905076,0.06677872949766606,-0.10116189343729455,0.10763235161006383,0.24294456839238102,-0.08752854387339733,0.005633231981418485,0.04231223028856344,-0.12823836101214078,0.11157872275712934,-0.1022079595412599,-0.08933437248702919,-0.04815740761519975,0.2683520239166645,-0.029619649139039524,-0.2706722334931243,-0.011636657719526263,0.07173630778138185,-0.09979849999037824,0.049538482791594673,-0.059121781912596635,0.15255048432525184,0.1952078201871432,0.1505971352114451,0.11099490806677066,-0.1738263383160289,0.05180498373286533,-0.29351374734885327,0.09722122060752504,-0.01824350698022478,-0.027037762477536267,0.07399263444574031,0.23727842941645358,0.03482620557294747,-0.012157059351083833,0.11656268602602475,0.2756344996313186,-0.09570701197926423,0.12159660030908273,0.07872551689420129,-0.011225766367647307,-0.09184662152526166,-0.04121737973262491,-0.13494311904998055,-0.01830479523483975,0.010497644266946745,0.07929679764963578,0.03011650527072563,0.035117991850096925,0.1970392159901137,-0.03179492959734229,0.07001165398159756,0.03434031826624633,0.007135581946115442,0.018311561492127825,-0.04824371887415475,-0.03499741964607575,-0.06822684158342991,-0.012455982068650147,0.02397083711291963,0.026162031707726772,-0.026312491768440343,-0.0010999737999728564,0.006633222976073592,0.0007485939879490411,-8.21510292555286e-06,-0.0002999581250505318,-0.00011297918456402699,-2.2332514297468478e-06,6.821664544007242e-17
prompt_86,turn_01,P27,17,0.4435083694895694,-0.1408457193116097,-0.0765050598688526,-0.07383902918713624,0.037094382965058376,0.0017897435032248445,-0.04395373031133764,-0.07748612101480089,0.001550721796690828,0.07015872013385865,0.1109201692541402,0.030971659127035544,-0.08644220931033848,0.07921351979586176,0.03999976558073838,0.023171699636479342,0.15662153839907264,0.030882341767029184,-0.01651528128602929,-0.0981929836100268,0.06161887601768485,0.00633639774763833,-0.007858210356043631,-0.015872514177539696,0.06586502831625606,0.05007821330567515,-0.13313803942667807,-0.051206190933197906,0.06433453433168337,-0.09352121399716722,-0.09586272030056225,0.048155501609827185,-0.18657391956584682,0.03306008227694297,-0.09498036391652409,0.009131064299955173,0.07290673305642648,0.12269825653364348,-0.06587573161384201,0.010336268022801957,0.045375957459983275,-0.1822582042191536,-0.05311277439287042,0.23173924088180195,0.0500467546361254,-0.09087701113261386,0.0763621471339905,-0.05845164249320897,-0.15254743244696647,-0.009426280844189311,0.1987378264657969,-0.02377969519144823,-0.04427789790540208,0.01068649864560439,0.25659518954016713,0.20645521453260549,-0.04501759283496536,0.05549231684063336,-0.17869636125551755,-0.06754296662084035,0.15924906464510183,-0.06670287064068521,-0.07289410825120027,-0.02066757719863836,-0.12903668390376102,0.005361980728479576,-0.21117040394410208,0.1813700237334681,0.06279494598216255,-0.2499428102169818,-0.05284623641579317,0.0556290156116116,0.11921686963942023,0.09060705114258981,-0.031526691267090665,0.0411826330678468,-0.004792990266021675,0.10632167458730851,-0.0432465207689211,-0.01026311968185365,0.0008592749764121747,0.00028030883595283755,0.0006951612905675685,-0.0005739484055641125,-0.00021807682294341344,-9.823210495897539e-17
prompt_87,turn_01,P28,15,0.34516245197581347,-0.1176944572676485,-0.06029247022151438,0.08442155052448268,-0.016679905172180792,0.03100960736006617,-0.01260371508472754,0.003003576168552547,0.04940253083768461,0.013637438229285445,0.10183447420437333,-0.03535615861562093,0.08687032698425172,-0.11606449511687887,-0.16100773637374297,-0.043514144023829575,0.005343726225735701,0.14894846281413493,0.13100738936016854,0.033253738366725266,-0.08933566257367574,0.1155079264246826,-0.023368273723787723,0.04658922304077997,0.14597410248113882,-0.057108235871184604,0.12490542661612855,0.10537399768269595,0.016572416487878723,0.06960309921050391,0.13635987253209245,-0.11944752624938311,-0.02232042124491988,0.05475553093758339,-0.043588708879838595,0.08891439332379035,-0.1167237030753285,-0.04450192827443259,0.17021599168252713,-0.10953426203692472,0.19752295011714868,-0.10118525776755811,-0.3102148924433238,-0.2609840803263513,0.046292596962601205,-0.2107688201925457,0.05512034573338479,-0.08167390609557143,-0.1714558753063358,-0.01447901525872157,-0.008714565092177023,-0.266625163546775,0.015372930401957603,0.11793613266685549,0.0020000009226442406,-0.05913011571922133,-0.028188728203411614,0.03557893699398,-0.19053963044520392,0.10443447810648088,-0.0009323835899359182,-0.21263174330804602,-0.019892827251415147,-0.21208376652527672,0.027384122691504555,-0.011636499143057633,0.10789550767079903,-0.04874702970546265,0.12265200578002365,0.03741028035272697,0.04539165973970112,0.009658393235298726,-0.005864684023357591,0.0077363948296294794,0.014871597821724791,-0.05770115320939874,-0.03879253254498497,0.00037875380992106686,0.03449968581965742,0.010476632214514892,5.3662849607609135e-05,-0.0005348020539853195,-0.00018510341737977494,-0.00036837759912754177,5.518517322133221e-06,1.2548623706982945e-16
